"/Q (modelFiles=ts18sl_scl_mat.lib:ss_18,mcparamset=6) X","/Q (modelFiles=ts18sl_scl_mat.lib:ss_18,mcparamset=6) Y","/Q (modelFiles=ts18sl_scl_mat.lib:sf_18,mcparamset=3) X","/Q (modelFiles=ts18sl_scl_mat.lib:sf_18,mcparamset=3) Y","/QB (modelFiles=ts18sl_scl_mat.lib:fs_18,mcparamset=4) X","/QB (modelFiles=ts18sl_scl_mat.lib:fs_18,mcparamset=4) Y","/QB (modelFiles=ts18sl_scl_mat.lib:sf_18,mcparamset=2) X","/QB (modelFiles=ts18sl_scl_mat.lib:sf_18,mcparamset=2) Y"
0,0.1484590702913777,0,0.2906304743650596,0,1.799999743195786,0,1.79999995091286
0.036,0.1405856963719265,0.036,0.2761740495503912,0.036,1.799999284868983,0.036,1.79999994148581
0.07200000000000001,0.1328805384689188,0.07200000000000001,0.2621540494884374,0.07200000000000001,1.799997777601955,0.07200000000000001,1.799999912397218
0.108,0.1253478895685145,0.108,0.2485590090002563,0.108,1.799992879517088,0.108,1.799999818753953
0.144,0.1179920108862939,0.144,0.2353780541015636,0.144,1.799977318900774,0.144,1.799999513794222
0.18,0.1108171158119765,0.18,0.2226008585013815,0.18,1.79992970953736,0.18,1.799998522212985
0.216,0.1038273312857089,0.216,0.2102175240344482,0.216,1.799792037680183,0.216,1.79999533057351
0.252,0.09702657855368428,0.252,0.1982181463290291,0.252,1.799422411376653,0.252,1.799985259550522
0.288,0.0904182352499877,0.288,0.1865916235181596,0.288,1.798508261762562,0.288,1.799954524597815
0.3240000000000001,0.08400425153259301,0.3240000000000001,0.175322846494448,0.3240000000000001,1.796413379216853,0.3240000000000001,1.799865392777161
0.3600000000000001,0.07778309057243749,0.3600000000000001,0.1643870444006453,0.3600000000000001,1.791926052877076,0.3600000000000001,1.799624191608588
0.3960000000000001,0.07174563412801328,0.3960000000000001,0.1537398789538707,0.3960000000000001,1.782969459625578,0.3960000000000001,1.799021666371573
0.4320000000000002,0.06586834123380826,0.4320000000000002,0.1433006879841985,0.4320000000000002,1.766504889240178,0.4320000000000002,1.797628948009756
0.4680000000000002,0.06010355927767842,0.4680000000000002,0.1329256291192986,0.4680000000000002,1.738707540405254,0.4680000000000002,1.794624343403928
0.5040000000000002,0.05437232773285686,0.5040000000000002,0.1223837025192774,0.5040000000000002,1.694837693205653,0.5040000000000002,1.788577382868227
0.5400000000000003,0.04858963092169383,0.5400000000000003,0.1113957277441373,0.5400000000000003,1.627418615281046,0.5400000000000003,1.777356511899854
0.5760000000000003,0.04275781887894271,0.5760000000000003,0.09983699424335325,0.5760000000000003,1.516750024233174,0.5760000000000003,1.75831444431502
0.6120000000000003,0.03703079898184959,0.6120000000000003,0.0880775630138812,0.6120000000000003,1.273547414201891,0.6120000000000003,1.728516307376572
0.6480000000000004,0.03162417953085417,0.6480000000000004,0.07685730967538931,0.6480000000000004,1.135805782902854,0.6480000000000004,1.68439333401715
0.6840000000000004,0.02669406798406801,0.6840000000000004,0.066658932161015,0.6840000000000004,1.057085599418574,0.6840000000000004,1.619961003136107
0.7200000000000004,0.02230331237770302,0.7200000000000004,0.05760148871747824,0.7200000000000004,0.9908231275728703,0.7200000000000004,1.52007727952655
0.7560000000000004,0.0184481181739831,0.7560000000000004,0.04962560033635242,0.7560000000000004,0.9296004069690097,0.7560000000000004,1.284883788759073
0.7920000000000005,0.01509170626971993,0.7920000000000005,0.04261700426382757,0.7920000000000005,0.8712748783192334,0.7920000000000005,1.055491154229654
0.8280000000000005,0.01218715963970261,0.8280000000000005,0.03645456665684918,0.8280000000000005,0.8148410983878772,0.8280000000000005,0.9674023487050168
0.8640000000000005,0.009688032784077953,0.8640000000000005,0.03102944500832499,0.8640000000000005,0.7598302695473712,0.8640000000000005,0.8971117115117122
0.9000000000000006,0.007553233445513676,0.9000000000000006,0.02624782753963594,0.9000000000000006,0.7060831251058436,0.9000000000000006,0.8330886719225281
0.9360000000000006,0.005748169983685122,0.9360000000000006,0.0220315377792841,0.9360000000000006,0.6536761714050323,0.9360000000000006,0.7728458809850386
0.9720000000000006,0.004244472848812244,0.9720000000000006,0.01831576195813888,0.9720000000000006,0.6029189047284871,0.9720000000000006,0.7152479981943332
1.008000000000001,0.003018751623163193,1.008000000000001,0.01504698281194839,1.008000000000001,0.5543939330757383,1.008000000000001,0.6598558650283153
1.044000000000001,0.002050340163318491,1.044000000000001,0.01218124097868042,1.044000000000001,0.5090069959735958,1.044000000000001,0.6066442323827477
1.080000000000001,0.001317892897454389,1.080000000000001,0.009682814177584332,1.080000000000001,0.4679340894911009,1.080000000000001,0.5559270177270015
1.116000000000001,0.0007953068135223818,1.116000000000001,0.007523246409137568,1.116000000000001,0.432223433376479,1.116000000000001,0.5083656924940034
1.152000000000001,0.0004487343278333272,1.152000000000001,0.005680528832829139,1.152000000000001,0.4021154782553677,1.152000000000001,0.464966555468533
1.188000000000001,0.0002373329100684744,1.188000000000001,0.004138051143915243,1.188000000000001,0.3769426138681786,1.188000000000001,0.4268569675770119
1.224000000000001,0.0001188392621107486,1.224000000000001,0.002882707590466389,1.224000000000001,0.355728944290394,1.224000000000001,0.3946359412189086
1.260000000000001,5.709406539135855e-05,1.260000000000001,0.001901432983890999,1.260000000000001,0.3376098356725442,1.260000000000001,0.3679010152007981
1.296000000000001,2.658451348070827e-05,1.296000000000001,0.00117594242117817,1.296000000000001,0.3219144823844439,1.296000000000001,0.3456852705768961
1.332000000000001,1.204399947199683e-05,1.332000000000001,0.0006771097758039232,1.332000000000001,0.3081417668022911,1.332000000000001,0.3270371071509422
1.368000000000001,5.313617818362732e-06,1.368000000000001,0.0003626900694475111,1.368000000000001,0.2959234834616239,1.368000000000001,0.3111895935881939
1.404000000000001,2.287569208661385e-06,1.404000000000001,0.0001820639584173823,1.404000000000001,0.2849893790566523,1.404000000000001,0.2975425501130901
1.440000000000001,9.655379888367649e-07,1.440000000000001,8.67544788154433e-05,1.440000000000001,0.2751374788759519,1.440000000000001,0.2856291709867352
1.476000000000001,4.024191330117517e-07,1.476000000000001,3.96831542295903e-05,1.476000000000001,0.2662123810241966,1.476000000000001,0.2750958508669186
1.512000000000001,1.673082525264751e-07,1.512000000000001,1.751919725026569e-05,1.512000000000001,0.2580910480316152,1.512000000000001,0.2656835438275006
1.548000000000001,7.054847353010699e-08,1.548000000000001,7.48196745697498e-06,1.548000000000001,0.2506737631309353,1.548000000000001,0.2572044792184345
1.584000000000001,3.110077765863252e-08,1.584000000000001,3.102179684561476e-06,1.584000000000001,0.2438782108888836,1.584000000000001,0.249519584673641
1.620000000000001,1.510057363559934e-08,1.620000000000001,1.256411502870527e-06,1.620000000000001,0.2376354451417791,1.620000000000001,0.2425219745628917
1.656000000000001,8.615481972255778e-09,1.656000000000001,5.010434302559697e-07,1.656000000000001,0.2318870407536642,1.656000000000001,0.2361265848749173
1.692000000000001,5.972743755793969e-09,1.692000000000001,1.987251591092706e-07,1.692000000000001,0.2265830137692733,1.692000000000001,0.2302638363964142
1.728000000000001,4.877896656522149e-09,1.728000000000001,7.959831801259468e-08,1.728000000000001,0.2216802572302659,1.728000000000001,0.2248756325268717
1.764000000000001,4.406643570841992e-09,1.764000000000001,3.312772648461365e-08,1.764000000000001,0.2171413358049835,1.764000000000001,0.2199127202418247
1.8,4.187477466973505e-09,1.8,1.510350464374962e-08,1.8,0.212933538975575,1.8,0.2153328678706012
