"/Q (modelFiles=ts18sl_scl_mat.lib:ff_18,mcparamset=2) X","/Q (modelFiles=ts18sl_scl_mat.lib:ff_18,mcparamset=2) Y","/Q (modelFiles=ts18sl_scl_mat.lib:ff_18,mcparamset=3) X","/Q (modelFiles=ts18sl_scl_mat.lib:ff_18,mcparamset=3) Y","/Q (modelFiles=ts18sl_scl_mat.lib:ff_18,mcparamset=4) X","/Q (modelFiles=ts18sl_scl_mat.lib:ff_18,mcparamset=4) Y","/Q (modelFiles=ts18sl_scl_mat.lib:ff_18,mcparamset=5) X","/Q (modelFiles=ts18sl_scl_mat.lib:ff_18,mcparamset=5) Y","/Q (modelFiles=ts18sl_scl_mat.lib:ff_18,mcparamset=6) X","/Q (modelFiles=ts18sl_scl_mat.lib:ff_18,mcparamset=6) Y","/Q (modelFiles=ts18sl_scl_mat.lib:ff_18,mcparamset=7) X","/Q (modelFiles=ts18sl_scl_mat.lib:ff_18,mcparamset=7) Y","/Q (modelFiles=ts18sl_scl_mat.lib:ff_18,mcparamset=8) X","/Q (modelFiles=ts18sl_scl_mat.lib:ff_18,mcparamset=8) Y","/Q (modelFiles=ts18sl_scl_mat.lib:ff_18,mcparamset=9) X","/Q (modelFiles=ts18sl_scl_mat.lib:ff_18,mcparamset=9) Y","/Q (modelFiles=ts18sl_scl_mat.lib:ff_18,mcparamset=10) X","/Q (modelFiles=ts18sl_scl_mat.lib:ff_18,mcparamset=10) Y","/Q (modelFiles=ts18sl_scl_mat.lib:fs_18,mcparamset=1) X","/Q (modelFiles=ts18sl_scl_mat.lib:fs_18,mcparamset=1) Y","/Q (modelFiles=ts18sl_scl_mat.lib:fs_18,mcparamset=2) X","/Q (modelFiles=ts18sl_scl_mat.lib:fs_18,mcparamset=2) Y","/Q (modelFiles=ts18sl_scl_mat.lib:fs_18,mcparamset=3) X","/Q (modelFiles=ts18sl_scl_mat.lib:fs_18,mcparamset=3) Y","/Q (modelFiles=ts18sl_scl_mat.lib:fs_18,mcparamset=4) X","/Q (modelFiles=ts18sl_scl_mat.lib:fs_18,mcparamset=4) Y","/Q (modelFiles=ts18sl_scl_mat.lib:fs_18,mcparamset=5) X","/Q (modelFiles=ts18sl_scl_mat.lib:fs_18,mcparamset=5) Y","/Q (modelFiles=ts18sl_scl_mat.lib:fs_18,mcparamset=6) X","/Q (modelFiles=ts18sl_scl_mat.lib:fs_18,mcparamset=6) Y","/Q (modelFiles=ts18sl_scl_mat.lib:fs_18,mcparamset=7) X","/Q (modelFiles=ts18sl_scl_mat.lib:fs_18,mcparamset=7) Y","/Q (modelFiles=ts18sl_scl_mat.lib:fs_18,mcparamset=8) X","/Q (modelFiles=ts18sl_scl_mat.lib:fs_18,mcparamset=8) Y","/Q (modelFiles=ts18sl_scl_mat.lib:fs_18,mcparamset=9) X","/Q (modelFiles=ts18sl_scl_mat.lib:fs_18,mcparamset=9) Y","/Q (modelFiles=ts18sl_scl_mat.lib:fs_18,mcparamset=10) X","/Q (modelFiles=ts18sl_scl_mat.lib:fs_18,mcparamset=10) Y","/Q (modelFiles=ts18sl_scl_mat.lib:sf_18,mcparamset=1) X","/Q (modelFiles=ts18sl_scl_mat.lib:sf_18,mcparamset=1) Y","/Q (modelFiles=ts18sl_scl_mat.lib:sf_18,mcparamset=2) X","/Q (modelFiles=ts18sl_scl_mat.lib:sf_18,mcparamset=2) Y","/Q (modelFiles=ts18sl_scl_mat.lib:sf_18,mcparamset=3) X","/Q (modelFiles=ts18sl_scl_mat.lib:sf_18,mcparamset=3) Y","/Q (modelFiles=ts18sl_scl_mat.lib:sf_18,mcparamset=4) X","/Q (modelFiles=ts18sl_scl_mat.lib:sf_18,mcparamset=4) Y","/Q (modelFiles=ts18sl_scl_mat.lib:sf_18,mcparamset=5) X","/Q (modelFiles=ts18sl_scl_mat.lib:sf_18,mcparamset=5) Y","/Q (modelFiles=ts18sl_scl_mat.lib:sf_18,mcparamset=6) X","/Q (modelFiles=ts18sl_scl_mat.lib:sf_18,mcparamset=6) Y","/Q (modelFiles=ts18sl_scl_mat.lib:sf_18,mcparamset=7) X","/Q (modelFiles=ts18sl_scl_mat.lib:sf_18,mcparamset=7) Y","/Q (modelFiles=ts18sl_scl_mat.lib:sf_18,mcparamset=8) X","/Q (modelFiles=ts18sl_scl_mat.lib:sf_18,mcparamset=8) Y","/Q (modelFiles=ts18sl_scl_mat.lib:sf_18,mcparamset=9) X","/Q (modelFiles=ts18sl_scl_mat.lib:sf_18,mcparamset=9) Y","/Q (modelFiles=ts18sl_scl_mat.lib:sf_18,mcparamset=10) X","/Q (modelFiles=ts18sl_scl_mat.lib:sf_18,mcparamset=10) Y","/Q (modelFiles=ts18sl_scl_mat.lib:ss_18,mcparamset=1) X","/Q (modelFiles=ts18sl_scl_mat.lib:ss_18,mcparamset=1) Y","/Q (modelFiles=ts18sl_scl_mat.lib:ss_18,mcparamset=2) X","/Q (modelFiles=ts18sl_scl_mat.lib:ss_18,mcparamset=2) Y","/Q (modelFiles=ts18sl_scl_mat.lib:ss_18,mcparamset=3) X","/Q (modelFiles=ts18sl_scl_mat.lib:ss_18,mcparamset=3) Y","/Q (modelFiles=ts18sl_scl_mat.lib:ss_18,mcparamset=4) X","/Q (modelFiles=ts18sl_scl_mat.lib:ss_18,mcparamset=4) Y","/Q (modelFiles=ts18sl_scl_mat.lib:ss_18,mcparamset=5) X","/Q (modelFiles=ts18sl_scl_mat.lib:ss_18,mcparamset=5) Y","/Q (modelFiles=ts18sl_scl_mat.lib:ss_18,mcparamset=6) X","/Q (modelFiles=ts18sl_scl_mat.lib:ss_18,mcparamset=6) Y","/Q (modelFiles=ts18sl_scl_mat.lib:ss_18,mcparamset=7) X","/Q (modelFiles=ts18sl_scl_mat.lib:ss_18,mcparamset=7) Y","/Q (modelFiles=ts18sl_scl_mat.lib:ss_18,mcparamset=8) X","/Q (modelFiles=ts18sl_scl_mat.lib:ss_18,mcparamset=8) Y","/Q (modelFiles=ts18sl_scl_mat.lib:ss_18,mcparamset=9) X","/Q (modelFiles=ts18sl_scl_mat.lib:ss_18,mcparamset=9) Y","/Q (modelFiles=ts18sl_scl_mat.lib:ss_18,mcparamset=10) X","/Q (modelFiles=ts18sl_scl_mat.lib:ss_18,mcparamset=10) Y","/VIN (modelFiles=ts18sl_scl_mat.lib:ff_18,mcparamset=1) X","/VIN (modelFiles=ts18sl_scl_mat.lib:ff_18,mcparamset=1) Y","/VIN (modelFiles=ts18sl_scl_mat.lib:ff_18,mcparamset=2) X","/VIN (modelFiles=ts18sl_scl_mat.lib:ff_18,mcparamset=2) Y","/VIN (modelFiles=ts18sl_scl_mat.lib:ff_18,mcparamset=3) X","/VIN (modelFiles=ts18sl_scl_mat.lib:ff_18,mcparamset=3) Y","/VIN (modelFiles=ts18sl_scl_mat.lib:ff_18,mcparamset=4) X","/VIN (modelFiles=ts18sl_scl_mat.lib:ff_18,mcparamset=4) Y","/VIN (modelFiles=ts18sl_scl_mat.lib:ff_18,mcparamset=5) X","/VIN (modelFiles=ts18sl_scl_mat.lib:ff_18,mcparamset=5) Y","/VIN (modelFiles=ts18sl_scl_mat.lib:ff_18,mcparamset=6) X","/VIN (modelFiles=ts18sl_scl_mat.lib:ff_18,mcparamset=6) Y","/VIN (modelFiles=ts18sl_scl_mat.lib:ff_18,mcparamset=7) X","/VIN (modelFiles=ts18sl_scl_mat.lib:ff_18,mcparamset=7) Y","/VIN (modelFiles=ts18sl_scl_mat.lib:ff_18,mcparamset=8) X","/VIN (modelFiles=ts18sl_scl_mat.lib:ff_18,mcparamset=8) Y","/VIN (modelFiles=ts18sl_scl_mat.lib:ff_18,mcparamset=9) X","/VIN (modelFiles=ts18sl_scl_mat.lib:ff_18,mcparamset=9) Y","/VIN (modelFiles=ts18sl_scl_mat.lib:ff_18,mcparamset=10) X","/VIN (modelFiles=ts18sl_scl_mat.lib:ff_18,mcparamset=10) Y","/VIN (modelFiles=ts18sl_scl_mat.lib:fs_18,mcparamset=1) X","/VIN (modelFiles=ts18sl_scl_mat.lib:fs_18,mcparamset=1) Y","/VIN (modelFiles=ts18sl_scl_mat.lib:fs_18,mcparamset=2) X","/VIN (modelFiles=ts18sl_scl_mat.lib:fs_18,mcparamset=2) Y","/VIN (modelFiles=ts18sl_scl_mat.lib:fs_18,mcparamset=3) X","/VIN (modelFiles=ts18sl_scl_mat.lib:fs_18,mcparamset=3) Y","/VIN (modelFiles=ts18sl_scl_mat.lib:fs_18,mcparamset=4) X","/VIN (modelFiles=ts18sl_scl_mat.lib:fs_18,mcparamset=4) Y","/VIN (modelFiles=ts18sl_scl_mat.lib:fs_18,mcparamset=5) X","/VIN (modelFiles=ts18sl_scl_mat.lib:fs_18,mcparamset=5) Y","/VIN (modelFiles=ts18sl_scl_mat.lib:fs_18,mcparamset=6) X","/VIN (modelFiles=ts18sl_scl_mat.lib:fs_18,mcparamset=6) Y","/VIN (modelFiles=ts18sl_scl_mat.lib:fs_18,mcparamset=7) X","/VIN (modelFiles=ts18sl_scl_mat.lib:fs_18,mcparamset=7) Y","/VIN (modelFiles=ts18sl_scl_mat.lib:fs_18,mcparamset=8) X","/VIN (modelFiles=ts18sl_scl_mat.lib:fs_18,mcparamset=8) Y","/VIN (modelFiles=ts18sl_scl_mat.lib:fs_18,mcparamset=9) X","/VIN (modelFiles=ts18sl_scl_mat.lib:fs_18,mcparamset=9) Y","/VIN (modelFiles=ts18sl_scl_mat.lib:fs_18,mcparamset=10) X","/VIN (modelFiles=ts18sl_scl_mat.lib:fs_18,mcparamset=10) Y","/VIN (modelFiles=ts18sl_scl_mat.lib:sf_18,mcparamset=1) X","/VIN (modelFiles=ts18sl_scl_mat.lib:sf_18,mcparamset=1) Y","/VIN (modelFiles=ts18sl_scl_mat.lib:sf_18,mcparamset=2) X","/VIN (modelFiles=ts18sl_scl_mat.lib:sf_18,mcparamset=2) Y","/VIN (modelFiles=ts18sl_scl_mat.lib:sf_18,mcparamset=3) X","/VIN (modelFiles=ts18sl_scl_mat.lib:sf_18,mcparamset=3) Y","/VIN (modelFiles=ts18sl_scl_mat.lib:sf_18,mcparamset=4) X","/VIN (modelFiles=ts18sl_scl_mat.lib:sf_18,mcparamset=4) Y","/VIN (modelFiles=ts18sl_scl_mat.lib:sf_18,mcparamset=5) X","/VIN (modelFiles=ts18sl_scl_mat.lib:sf_18,mcparamset=5) Y","/VIN (modelFiles=ts18sl_scl_mat.lib:sf_18,mcparamset=6) X","/VIN (modelFiles=ts18sl_scl_mat.lib:sf_18,mcparamset=6) Y","/VIN (modelFiles=ts18sl_scl_mat.lib:sf_18,mcparamset=7) X","/VIN (modelFiles=ts18sl_scl_mat.lib:sf_18,mcparamset=7) Y","/VIN (modelFiles=ts18sl_scl_mat.lib:sf_18,mcparamset=8) X","/VIN (modelFiles=ts18sl_scl_mat.lib:sf_18,mcparamset=8) Y","/VIN (modelFiles=ts18sl_scl_mat.lib:sf_18,mcparamset=9) X","/VIN (modelFiles=ts18sl_scl_mat.lib:sf_18,mcparamset=9) Y","/VIN (modelFiles=ts18sl_scl_mat.lib:sf_18,mcparamset=10) X","/VIN (modelFiles=ts18sl_scl_mat.lib:sf_18,mcparamset=10) Y","/VIN (modelFiles=ts18sl_scl_mat.lib:ss_18,mcparamset=1) X","/VIN (modelFiles=ts18sl_scl_mat.lib:ss_18,mcparamset=1) Y","/VIN (modelFiles=ts18sl_scl_mat.lib:ss_18,mcparamset=2) X","/VIN (modelFiles=ts18sl_scl_mat.lib:ss_18,mcparamset=2) Y","/VIN (modelFiles=ts18sl_scl_mat.lib:ss_18,mcparamset=3) X","/VIN (modelFiles=ts18sl_scl_mat.lib:ss_18,mcparamset=3) Y","/VIN (modelFiles=ts18sl_scl_mat.lib:ss_18,mcparamset=4) X","/VIN (modelFiles=ts18sl_scl_mat.lib:ss_18,mcparamset=4) Y","/VIN (modelFiles=ts18sl_scl_mat.lib:ss_18,mcparamset=5) X","/VIN (modelFiles=ts18sl_scl_mat.lib:ss_18,mcparamset=5) Y","/VIN (modelFiles=ts18sl_scl_mat.lib:ss_18,mcparamset=6) X","/VIN (modelFiles=ts18sl_scl_mat.lib:ss_18,mcparamset=6) Y","/VIN (modelFiles=ts18sl_scl_mat.lib:ss_18,mcparamset=7) X","/VIN (modelFiles=ts18sl_scl_mat.lib:ss_18,mcparamset=7) Y","/VIN (modelFiles=ts18sl_scl_mat.lib:ss_18,mcparamset=8) X","/VIN (modelFiles=ts18sl_scl_mat.lib:ss_18,mcparamset=8) Y","/VIN (modelFiles=ts18sl_scl_mat.lib:ss_18,mcparamset=9) X","/VIN (modelFiles=ts18sl_scl_mat.lib:ss_18,mcparamset=9) Y","/VIN (modelFiles=ts18sl_scl_mat.lib:ss_18,mcparamset=10) X","/VIN (modelFiles=ts18sl_scl_mat.lib:ss_18,mcparamset=10) Y","/Q (modelFiles=ts18sl_scl_mat.lib:ff_18,mcparamset=1) X","/Q (modelFiles=ts18sl_scl_mat.lib:ff_18,mcparamset=1) Y"
0,1.799999793,0,1.79999961,0,1.799999645,0,1.799999407,0,1.799999553,0,1.799999728,0,1.799999456,0,1.799999669,0,1.79999976,0,1.79999981,0,1.799999893,0,1.799999842,0,1.799999851,0,1.799999784,0,1.799999823,0,1.799999875,0,1.799999797,0,1.799999859,0,1.799999885,0,1.799999947,0,1.799999951,0,1.799999949,0,1.799999949,0,1.799999947,0,1.799999947,0,1.799999951,0,1.799999947,0,1.79999995,0,1.799999952,0,1.799999928,0,1.799999929,0,1.79999993,0,1.799999929,0,1.799999929,0,1.799999927,0,1.79999993,0,1.799999928,0,1.79999993,0,1.799999932,0,0,0,0,0,0,0,0,0,0,0,0,0,0,0,0,0,0,0,0,0,0,0,0,0,0,0,0,0,0,0,0,0,0,0,0,0,0,0,0,0,0,0,0,0,0,0,0,0,0,0,0,0,0,0,0,0,0,0,0,0,0,0,0,0,0,0,0,0,0,0,0,0,0,0,0,0,0,0,0,0,1.799999501
0.036,1.799999414,0.036,1.799998808,0.036,1.799998925,0.036,1.799998143,0.036,1.799998623,0.036,1.799999197,0.036,1.799998304,0.036,1.799999003,0.036,1.799999301,0.036,1.799999507,0.036,1.799999783,0.036,1.79999961,0.036,1.799999643,0.036,1.799999418,0.036,1.799999554,0.036,1.799999722,0.036,1.799999463,0.036,1.799999667,0.036,1.799999754,0.036,1.799999933,0.036,1.799999945,0.036,1.799999938,0.036,1.799999939,0.036,1.799999929,0.036,1.799999934,0.036,1.799999943,0.036,1.799999931,0.036,1.799999941,0.036,1.799999945,0.036,1.799999921,0.036,1.799999926,0.036,1.799999924,0.036,1.799999923,0.036,1.79999992,0.036,1.79999992,0.036,1.799999925,0.036,1.79999992,0.036,1.799999925,0.036,1.799999928,0.036,0.036,0.036,0.036,0.036,0.036,0.036,0.036,0.036,0.036,0.036,0.036,0.036,0.036,0.036,0.036,0.036,0.036,0.036,0.036,0.036,0.036,0.036,0.036,0.036,0.036,0.036,0.036,0.036,0.036,0.036,0.036,0.036,0.036,0.036,0.036,0.036,0.036,0.036,0.036,0.036,0.036,0.036,0.036,0.036,0.036,0.036,0.036,0.036,0.036,0.036,0.036,0.036,0.036,0.036,0.036,0.036,0.036,0.036,0.036,0.036,0.036,0.036,0.036,0.036,0.036,0.036,0.036,0.036,0.036,0.036,0.036,0.036,0.036,0.036,0.036,0.036,0.036,0.036,0.036,0.036,1.799998451
0.072,1.799998168,0.072,1.799996197,0.072,1.799996576,0.072,1.799994056,0.072,1.799995598,0.072,1.799997459,0.072,1.799994572,0.072,1.799996826,0.072,1.799997797,0.072,1.799998506,0.072,1.799999422,0.072,1.799998848,0.072,1.799998958,0.072,1.799998215,0.072,1.799998667,0.072,1.799999217,0.072,1.799998365,0.072,1.799999033,0.072,1.799999318,0.072,1.799999887,0.072,1.799999928,0.072,1.799999903,0.072,1.799999907,0.072,1.799999874,0.072,1.799999893,0.072,1.799999919,0.072,1.79999988,0.072,1.799999911,0.072,1.799999925,0.072,1.7999999,0.072,1.799999917,0.072,1.799999907,0.072,1.799999909,0.072,1.799999896,0.072,1.799999902,0.072,1.799999914,0.072,1.799999897,0.072,1.799999911,0.072,1.799999918,0.072,0.072,0.072,0.072,0.072,0.072,0.072,0.072,0.072,0.072,0.072,0.072,0.072,0.072,0.072,0.072,0.072,0.072,0.072,0.072,0.072,0.072,0.072,0.072,0.072,0.072,0.072,0.072,0.072,0.072,0.072,0.072,0.072,0.072,0.072,0.072,0.072,0.072,0.072,0.072,0.072,0.072,0.072,0.072,0.072,0.072,0.072,0.072,0.072,0.072,0.072,0.072,0.072,0.072,0.072,0.072,0.072,0.072,0.072,0.072,0.072,0.072,0.072,0.072,0.072,0.072,0.072,0.072,0.072,0.072,0.072,0.072,0.072,0.072,0.072,0.072,0.072,0.072,0.072,0.072,0.072,1.799995045
0.108,1.79999413,0.108,1.799987866,0.108,1.799989059,0.108,1.799981181,0.108,1.799985975,0.108,1.799991862,0.108,1.799982773,0.108,1.799989853,0.108,1.799992941,0.108,1.799995237,0.108,1.799998231,0.108,1.799996347,0.108,1.799996707,0.108,1.799994291,0.108,1.799995759,0.108,1.799997556,0.108,1.799994777,0.108,1.799996952,0.108,1.799997884,0.108,1.799999738,0.108,1.799999874,0.108,1.799999789,0.108,1.799999805,0.108,1.799999695,0.108,1.799999761,0.108,1.799999844,0.108,1.799999717,0.108,1.799999816,0.108,1.799999859,0.108,1.799999836,0.108,1.799999893,0.108,1.799999858,0.108,1.799999864,0.108,1.799999819,0.108,1.799999845,0.108,1.799999881,0.108,1.799999827,0.108,1.79999987,0.108,1.799999889,0.108,0.108,0.108,0.108,0.108,0.108,0.108,0.108,0.108,0.108,0.108,0.108,0.108,0.108,0.108,0.108,0.108,0.108,0.108,0.108,0.108,0.108,0.108,0.108,0.108,0.108,0.108,0.108,0.108,0.108,0.108,0.108,0.108,0.108,0.108,0.108,0.108,0.108,0.108,0.108,0.108,0.108,0.108,0.108,0.108,0.108,0.108,0.108,0.108,0.108,0.108,0.108,0.108,0.108,0.108,0.108,0.108,0.108,0.108,0.108,0.108,0.108,0.108,0.108,0.108,0.108,0.108,0.108,0.108,0.108,0.108,0.108,0.108,0.108,0.108,0.108,0.108,0.108,0.108,0.108,0.108,1.799984252
0.144,1.799981353,0.144,1.799962187,0.144,1.799965781,0.144,1.799942272,0.144,1.799956455,0.144,1.799974347,0.144,1.79994693,0.144,1.799968211,0.144,1.799977688,0.144,1.79998474,0.144,1.799994336,0.144,1.799988276,0.144,1.799989422,0.144,1.799981758,0.144,1.799986394,0.144,1.799992152,0.144,1.799983281,0.144,1.79999021,0.144,1.799993213,0.144,1.799999253,0.144,1.799999698,0.144,1.799999418,0.144,1.799999472,0.144,1.799999111,0.144,1.799999331,0.144,1.799999598,0.144,1.799999184,0.144,1.799999508,0.144,1.799999647,0.144,1.79999963,0.144,1.799999817,0.144,1.799999701,0.144,1.799999722,0.144,1.799999572,0.144,1.799999661,0.144,1.799999776,0.144,1.799999601,0.144,1.799999739,0.144,1.799999798,0.144,0.144,0.144,0.144,0.144,0.144,0.144,0.144,0.144,0.144,0.144,0.144,0.144,0.144,0.144,0.144,0.144,0.144,0.144,0.144,0.144,0.144,0.144,0.144,0.144,0.144,0.144,0.144,0.144,0.144,0.144,0.144,0.144,0.144,0.144,0.144,0.144,0.144,0.144,0.144,0.144,0.144,0.144,0.144,0.144,0.144,0.144,0.144,0.144,0.144,0.144,0.144,0.144,0.144,0.144,0.144,0.144,0.144,0.144,0.144,0.144,0.144,0.144,0.144,0.144,0.144,0.144,0.144,0.144,0.144,0.144,0.144,0.144,0.144,0.144,0.144,0.144,0.144,0.144,0.144,0.144,1.799951341
0.18,1.799942519,0.18,1.799887119,0.18,1.799897266,0.18,1.79983166,0.18,1.799870742,0.18,1.799921989,0.18,1.799844289,0.18,1.799904301,0.18,1.799931829,0.18,1.799952087,0.18,1.799981843,0.18,1.799962941,0.18,1.799966465,0.18,1.799943067,0.18,1.799957105,0.18,1.799974974,0.18,1.79994763,0.18,1.799968926,0.18,1.799978322,0.18,1.79999768,0.18,1.799999123,0.18,1.799998214,0.18,1.799998388,0.18,1.799997222,0.18,1.799997934,0.18,1.799998797,0.18,1.799997459,0.18,1.799998505,0.18,1.799998955,0.18,1.799998962,0.18,1.799999572,0.18,1.79999919,0.18,1.799999261,0.18,1.799998771,0.18,1.799999066,0.18,1.799999436,0.18,1.799998867,0.18,1.799999313,0.18,1.799999505,0.18,0.18,0.18,0.18,0.18,0.18,0.18,0.18,0.18,0.18,0.18,0.18,0.18,0.18,0.18,0.18,0.18,0.18,0.18,0.18,0.18,0.18,0.18,0.18,0.18,0.18,0.18,0.18,0.18,0.18,0.18,0.18,0.18,0.18,0.18,0.18,0.18,0.18,0.18,0.18,0.18,0.18,0.18,0.18,0.18,0.18,0.18,0.18,0.18,0.18,0.18,0.18,0.18,0.18,0.18,0.18,0.18,0.18,0.18,0.18,0.18,0.18,0.18,0.18,0.18,0.18,0.18,0.18,0.18,0.18,0.18,0.18,0.18,0.18,0.18,0.18,0.18,0.18,0.18,0.18,0.18,1.799856599
0.216,1.799831268,0.216,1.799682891,0.216,1.799709251,0.216,1.799540769,0.216,1.799639526,0.216,1.799775363,0.216,1.799572027,0.216,1.799728177,0.216,1.799802402,0.216,1.799855372,0.216,1.799943051,0.216,1.799886887,0.216,1.799897132,0.216,1.79982976,0.216,1.799869679,0.216,1.799922398,0.216,1.799842523,0.216,1.799904472,0.216,1.799932531,0.216,1.799992649,0.216,1.799997262,0.216,1.799994348,0.216,1.799994903,0.216,1.799991204,0.216,1.799993454,0.216,1.799996211,0.216,1.79999195,0.216,1.799995277,0.216,1.799996716,0.216,1.799996801,0.216,1.799998776,0.216,1.799997535,0.216,1.799997768,0.216,1.799996185,0.216,1.799997138,0.216,1.799998331,0.216,1.799996495,0.216,1.799997934,0.216,1.799998554,0.216,0.216,0.216,0.216,0.216,0.216,0.216,0.216,0.216,0.216,0.216,0.216,0.216,0.216,0.216,0.216,0.216,0.216,0.216,0.216,0.216,0.216,0.216,0.216,0.216,0.216,0.216,0.216,0.216,0.216,0.216,0.216,0.216,0.216,0.216,0.216,0.216,0.216,0.216,0.216,0.216,0.216,0.216,0.216,0.216,0.216,0.216,0.216,0.216,0.216,0.216,0.216,0.216,0.216,0.216,0.216,0.216,0.216,0.216,0.216,0.216,0.216,0.216,0.216,0.216,0.216,0.216,0.216,0.216,0.216,0.216,0.216,0.216,0.216,0.216,0.216,0.216,0.216,0.216,0.216,0.216,1.799603692
0.252,1.799536084,0.252,1.799171445,0.252,1.799234068,0.252,1.798836756,0.252,1.79906554,0.252,1.799396437,0.252,1.798907497,0.252,1.799281019,0.252,1.799464959,0.252,1.79958781,0.252,1.799828551,0.252,1.799672733,0.252,1.799700307,0.252,1.799520757,0.252,1.799625361,0.252,1.79977037,0.252,1.799553455,0.252,1.799720816,0.252,1.799799228,0.252,1.799976954,0.252,1.799991311,0.252,1.799982198,0.252,1.799983916,0.252,1.799972544,0.252,1.799979417,0.252,1.799988005,0.252,1.799974804,0.252,1.799985086,0.252,1.799989597,0.252,1.79998989,0.252,1.799996199,0.252,1.799992225,0.252,1.799992967,0.252,1.799987946,0.252,1.799990956,0.252,1.799994769,0.252,1.799988921,0.252,1.799993497,0.252,1.799995481,0.252,0.252,0.252,0.252,0.252,0.252,0.252,0.252,0.252,0.252,0.252,0.252,0.252,0.252,0.252,0.252,0.252,0.252,0.252,0.252,0.252,0.252,0.252,0.252,0.252,0.252,0.252,0.252,0.252,0.252,0.252,0.252,0.252,0.252,0.252,0.252,0.252,0.252,0.252,0.252,0.252,0.252,0.252,0.252,0.252,0.252,0.252,0.252,0.252,0.252,0.252,0.252,0.252,0.252,0.252,0.252,0.252,0.252,0.252,0.252,0.252,0.252,0.252,0.252,0.252,0.252,0.252,0.252,0.252,0.252,0.252,0.252,0.252,0.252,0.252,0.252,0.252,0.252,0.252,0.252,0.252,1.798982521
0.288,1.798815607,0.288,1.797988779,0.288,1.798126143,0.288,1.797256806,0.288,1.797748309,0.288,1.798494737,0.288,1.797404991,0.288,1.798234215,0.288,1.798655329,0.288,1.798905094,0.288,1.799513308,0.288,1.799115536,0.288,1.799183415,0.288,1.798744242,0.288,1.798995013,0.288,1.799362333,0.288,1.798820503,0.288,1.799236427,0.288,1.799438496,0.288,1.799929896,0.288,1.799972774,0.288,1.799945365,0.288,1.799950441,0.288,1.799917122,0.288,1.79993706,0.288,1.799962732,0.288,1.799923592,0.288,1.799953969,0.288,1.799967588,0.288,1.799968275,0.288,1.799987955,0.288,1.799975506,0.288,1.799977803,0.288,1.79996233,0.288,1.799971536,0.288,1.799983449,0.288,1.79996528,0.288,1.799979471,0.288,1.799985703,0.288,0.288,0.288,0.288,0.288,0.288,0.288,0.288,0.288,0.288,0.288,0.288,0.288,0.288,0.288,0.288,0.288,0.288,0.288,0.288,0.288,0.288,0.288,0.288,0.288,0.288,0.288,0.288,0.288,0.288,0.288,0.288,0.288,0.288,0.288,0.288,0.288,0.288,0.288,0.288,0.288,0.288,0.288,0.288,0.288,0.288,0.288,0.288,0.288,0.288,0.288,0.288,0.288,0.288,0.288,0.288,0.288,0.288,0.288,0.288,0.288,0.288,0.288,0.288,0.288,0.288,0.288,0.288,0.288,0.288,0.288,0.288,0.288,0.288,0.288,0.288,0.288,0.288,0.288,0.288,0.288,1.79757041
0.324,1.797187235,0.324,1.795440212,0.324,1.795720582,0.324,1.793947404,0.324,1.794929042,0.324,1.796501455,0.324,1.79423439,0.324,1.795953357,0.324,1.796852934,0.324,1.797296589,0.324,1.798713208,0.324,1.797779069,0.324,1.797932544,0.324,1.79693978,0.324,1.797494537,0.324,1.798353694,0.324,1.797103319,0.324,1.798059478,0.324,1.798539442,0.324,1.799796807,0.324,1.799917354,0.324,1.799839571,0.324,1.799853613,0.324,1.799762364,0.324,1.7998162,0.324,1.799888467,0.324,1.799779512,0.324,1.799863674,0.324,1.799902551,0.324,1.799903089,0.324,1.799962179,0.324,1.799924568,0.324,1.799931373,0.324,1.799885776,0.324,1.799912593,0.324,1.799948445,0.324,1.79989423,0.324,1.799936451,0.324,1.799955374,0.324,0.324,0.324,0.324,0.324,0.324,0.324,0.324,0.324,0.324,0.324,0.324,0.324,0.324,0.324,0.324,0.324,0.324,0.324,0.324,0.324,0.324,0.324,0.324,0.324,0.324,0.324,0.324,0.324,0.324,0.324,0.324,0.324,0.324,0.324,0.324,0.324,0.324,0.324,0.324,0.324,0.324,0.324,0.324,0.324,0.324,0.324,0.324,0.324,0.324,0.324,0.324,0.324,0.324,0.324,0.324,0.324,0.324,0.324,0.324,0.324,0.324,0.324,0.324,0.324,0.324,0.324,0.324,0.324,0.324,0.324,0.324,0.324,0.324,0.324,0.324,0.324,0.324,0.324,0.324,0.324,1.794575118
0.36,1.79375376,0.36,1.790328795,0.36,1.790854867,0.36,1.787526798,0.36,1.789317772,0.36,1.792391333,0.36,1.788027883,0.36,1.791322351,0.36,1.793109947,0.36,1.793763096,0.36,1.796837229,0.36,1.794797234,0.36,1.795119642,0.36,1.793024984,0.36,1.794167591,0.36,1.796043594,0.36,1.793349491,0.36,1.795404066,0.36,1.796466066,0.36,1.799447497,0.36,1.799761293,0.36,1.799556684,0.36,1.799592436,0.36,1.799362152,0.36,1.799495616,0.36,1.799684084,0.36,1.799403664,0.36,1.799619135,0.36,1.799722217,0.36,1.799716857,0.36,1.799884562,0.36,1.799776923,0.36,1.79979586,0.36,1.799669767,0.36,1.799742699,0.36,1.799844768,0.36,1.799692223,0.36,1.79981055,0.36,1.799865112,0.36,0.36,0.36,0.36,0.36,0.36,0.36,0.36,0.36,0.36,0.36,0.36,0.36,0.36,0.36,0.36,0.36,0.36,0.36,0.36,0.36,0.36,0.36,0.36,0.36,0.36,0.36,0.36,0.36,0.36,0.36,0.36,0.36,0.36,0.36,0.36,0.36,0.36,0.36,0.36,0.36,0.36,0.36,0.36,0.36,0.36,0.36,0.36,0.36,0.36,0.36,0.36,0.36,0.36,0.36,0.36,0.36,0.36,0.36,0.36,0.36,0.36,0.36,0.36,0.36,0.36,0.36,0.36,0.36,0.36,0.36,0.36,0.36,0.36,0.36,0.36,0.36,0.36,0.36,0.36,0.36,1.78867608
0.396,1.787039192,0.396,1.780916796,0.396,1.781802739,0.396,1.776156955,0.396,1.77907672,0.396,1.784565774,0.396,1.776920817,0.396,1.782668315,0.396,1.785923203,0.396,1.786508796,0.396,1.792733751,0.396,1.788575881,0.396,1.789203053,0.396,1.785098245,0.396,1.787267949,0.396,1.791098597,0.396,1.785682834,0.396,1.789801711,0.396,1.792000842,0.396,1.798601525,0.396,1.799353864,0.396,1.79885871,0.396,1.798942171,0.396,1.79840673,0.396,1.798710959,0.396,1.79916416,0.396,1.798498806,0.396,1.799007739,0.396,1.799259669,0.396,1.799220915,0.396,1.799663438,0.396,1.799376734,0.396,1.799425357,0.396,1.799102869,0.396,1.799285404,0.396,1.79955588,0.396,1.799157337,0.396,1.799465129,0.396,1.799611957,0.396,0.396,0.396,0.396,0.396,0.396,0.396,0.396,0.396,0.396,0.396,0.396,0.396,0.396,0.396,0.396,0.396,0.396,0.396,0.396,0.396,0.396,0.396,0.396,0.396,0.396,0.396,0.396,0.396,0.396,0.396,0.396,0.396,0.396,0.396,0.396,0.396,0.396,0.396,0.396,0.396,0.396,0.396,0.396,0.396,0.396,0.396,0.396,0.396,0.396,0.396,0.396,0.396,0.396,0.396,0.396,0.396,0.396,0.396,0.396,0.396,0.396,0.396,0.396,0.396,0.396,0.396,0.396,0.396,0.396,0.396,0.396,0.396,0.396,0.396,0.396,0.396,0.396,0.396,0.396,0.396,1.778044908
0.432,1.775030163,0.432,1.76516626,0.432,1.766485995,0.432,1.757864191,0.432,1.762084175,0.432,1.77098996,0.432,1.758856369,0.432,1.7679595,0.432,1.773342438,0.432,1.772726842,0.432,1.78434637,0.432,1.776531068,0.432,1.777636252,0.432,1.770285346,0.432,1.773997519,0.432,1.781234043,0.432,1.771204066,0.432,1.778812883,0.432,1.783035189,0.432,1.796698464,0.432,1.798372351,0.432,1.797262797,0.432,1.797443158,0.432,1.796284587,0.432,1.796929031,0.432,1.79794209,0.432,1.796473671,0.432,1.797593214,0.432,1.798164273,0.432,1.797997855,0.432,1.799076704,0.432,1.798371972,0.432,1.79848653,0.432,1.797724923,0.432,1.798145211,0.432,1.798808616,0.432,1.797845581,0.432,1.798586691,0.432,1.798952351,0.432,0.432,0.432,0.432,0.432,0.432,0.432,0.432,0.432,0.432,0.432,0.432,0.432,0.432,0.432,0.432,0.432,0.432,0.432,0.432,0.432,0.432,0.432,0.432,0.432,0.432,0.432,0.432,0.432,0.432,0.432,0.432,0.432,0.432,0.432,0.432,0.432,0.432,0.432,0.432,0.432,0.432,0.432,0.432,0.432,0.432,0.432,0.432,0.432,0.432,0.432,0.432,0.432,0.432,0.432,0.432,0.432,0.432,0.432,0.432,0.432,0.432,0.432,0.432,0.432,0.432,0.432,0.432,0.432,0.432,0.432,0.432,0.432,0.432,0.432,0.432,0.432,0.432,0.432,0.432,0.432,1.760636896
0.468,1.755488369,0.468,1.741072575,0.468,1.74281513,0.468,1.730793169,0.468,1.736243007,0.468,1.749539746,0.468,1.731856828,0.468,1.745152769,0.468,1.753313456,0.468,1.748676935,0.468,1.768476499,0.468,1.755100551,0.468,1.756826559,0.468,1.744884662,0.468,1.750516467,0.468,1.763090395,0.468,1.746080717,0.468,1.758983681,0.468,1.766434978,0.468,1.79269531,0.468,1.79617481,0.468,1.793853422,0.468,1.794216056,0.468,1.791877409,0.468,1.793145437,0.468,1.795264994,0.468,1.79223488,0.468,1.794538433,0.468,1.795749373,0.468,1.795188024,0.468,1.797634655,0.468,1.796027292,0.468,1.796277026,0.468,1.794599936,0.468,1.795499217,0.468,1.797016681,0.468,1.794846171,0.468,1.796513133,0.468,1.797360351,0.468,0.468,0.468,0.468,0.468,0.468,0.468,0.468,0.468,0.468,0.468,0.468,0.468,0.468,0.468,0.468,0.468,0.468,0.468,0.468,0.468,0.468,0.468,0.468,0.468,0.468,0.468,0.468,0.468,0.468,0.468,0.468,0.468,0.468,0.468,0.468,0.468,0.468,0.468,0.468,0.468,0.468,0.468,0.468,0.468,0.468,0.468,0.468,0.468,0.468,0.468,0.468,0.468,0.468,0.468,0.468,0.468,0.468,0.468,0.468,0.468,0.468,0.468,0.468,0.468,0.468,0.468,0.468,0.468,0.468,0.468,0.468,0.468,0.468,0.468,0.468,0.468,0.468,0.468,0.468,0.468,1.734483034
0.504,1.726202456,0.504,1.706674914,0.504,1.708731532,0.504,1.693042769,0.504,1.69940192,0.504,1.718160673,0.504,1.69387119,0.504,1.712276089,0.504,1.723894036,0.504,1.709715669,0.504,1.740807686,0.504,1.719860081,0.504,1.722224717,0.504,1.70437838,0.504,1.711933604,0.504,1.73234356,0.504,1.705517566,0.504,1.725981528,0.504,1.738187186,0.504,1.784866771,0.504,1.791574155,0.504,1.787066047,0.504,1.787734633,0.504,1.783389438,0.504,1.785663686,0.504,1.789785468,0.504,1.783993422,0.504,1.788382516,0.504,1.790774641,0.504,1.789125164,0.504,1.794329588,0.504,1.790895732,0.504,1.791402402,0.504,1.787942743,0.504,1.789732591,0.504,1.792998394,0.504,1.788401872,0.504,1.791928253,0.504,1.793772568,0.504,0.504,0.504,0.504,0.504,0.504,0.504,0.504,0.504,0.504,0.504,0.504,0.504,0.504,0.504,0.504,0.504,0.504,0.504,0.504,0.504,0.504,0.504,0.504,0.504,0.504,0.504,0.504,0.504,0.504,0.504,0.504,0.504,0.504,0.504,0.504,0.504,0.504,0.504,0.504,0.504,0.504,0.504,0.504,0.504,0.504,0.504,0.504,0.504,0.504,0.504,0.504,0.504,0.504,0.504,0.504,0.504,0.504,0.504,0.504,0.504,0.504,0.504,0.504,0.504,0.504,0.504,0.504,0.504,0.504,0.504,0.504,0.504,0.504,0.504,0.504,0.504,0.504,0.504,0.504,0.504,1.697584547
0.54,1.684736955,0.54,1.659518373,0.54,1.661675575,0.54,1.641980536,0.54,1.648649398,0.54,1.674492179,0.54,1.64203715,0.54,1.666972538,0.54,1.682994236,0.54,1.649058929,0.54,1.695635625,0.54,1.664738559,0.54,1.667534811,0.54,1.642101672,0.54,1.650967056,0.54,1.683291761,0.54,1.642267751,0.54,1.674028208,0.54,1.693246342,0.54,1.770808496,0.54,1.782624845,0.54,1.774626912,0.54,1.775730457,0.54,1.768410822,0.54,1.772050759,0.54,1.779408927,0.54,1.76928762,0.54,1.776939051,0.54,1.781284887,0.54,1.776858641,0.54,1.787207963,0.54,1.780352252,0.54,1.781295746,0.54,1.774673343,0.54,1.777926878,0.54,1.784527464,0.54,1.77542273,0.54,1.782404681,0.54,1.786177285,0.54,0.54,0.54,0.54,0.54,0.54,0.54,0.54,0.54,0.54,0.54,0.54,0.54,0.54,0.54,0.54,0.54,0.54,0.54,0.54,0.54,0.54,0.54,0.54,0.54,0.54,0.54,0.54,0.54,0.54,0.54,0.54,0.54,0.54,0.54,0.54,0.54,0.54,0.54,0.54,0.54,0.54,0.54,0.54,0.54,0.54,0.54,0.54,0.54,0.54,0.54,0.54,0.54,0.54,0.54,0.54,0.54,0.54,0.54,0.54,0.54,0.54,0.54,0.54,0.54,0.54,0.54,0.54,0.54,0.54,0.54,0.54,0.54,0.54,0.54,0.54,0.54,0.54,0.54,0.54,0.54,1.647242026
0.576,1.627407191,0.576,1.595365299,0.576,1.597257093,0.576,1.572763387,0.576,1.578596205,0.576,1.614764874,0.576,1.571000139,0.576,1.605337967,0.576,1.62752543,0.576,1.550936896,0.576,1.623315476,0.576,1.577694858,0.576,1.580183551,0.576,1.542356778,0.576,1.55004271,0.576,1.605789242,0.576,1.538398698,0.576,1.592357116,0.576,1.623526697,0.576,1.747680123,0.576,1.766629597,0.576,1.753762991,0.576,1.75536928,0.576,1.744187741,0.576,1.74934394,0.576,1.761405011,0.576,1.74522798,0.576,1.757469461,0.576,1.764704429,0.576,1.75372055,0.576,1.772797571,0.576,1.760142074,0.576,1.761710508,0.576,1.75006528,0.576,1.755334187,0.576,1.767813147,0.576,1.751041751,0.576,1.763929513,0.576,1.771138082,0.576,0.576,0.576,0.576,0.576,0.576,0.576,0.576,0.576,0.576,0.576,0.576,0.576,0.576,0.576,0.576,0.576,0.576,0.576,0.576,0.576,0.576,0.576,0.576,0.576,0.576,0.576,0.576,0.576,0.576,0.576,0.576,0.576,0.576,0.576,0.576,0.576,0.576,0.576,0.576,0.576,0.576,0.576,0.576,0.576,0.576,0.576,0.576,0.576,0.576,0.576,0.576,0.576,0.576,0.576,0.576,0.576,0.576,0.576,0.576,0.576,0.576,0.576,0.576,0.576,0.576,0.576,0.576,0.576,0.576,0.576,0.576,0.576,0.576,0.576,0.576,0.576,0.576,0.576,0.576,0.576,1.578540733
0.612,1.546652009,0.612,1.504809188,0.612,1.50602565,0.612,1.47461876,0.612,1.476743439,0.612,1.53103463,0.612,1.468659701,0.612,1.519039022,0.612,1.551560144,0.612,1.344266142,0.612,1.493357221,0.612,1.407675407,0.612,1.406677179,0.612,1.33347419,0.612,1.32158263,0.612,1.46502514,0.612,1.311864997,0.612,1.441242705,0.612,1.506906144,0.612,1.71225528,0.612,1.740346665,0.612,1.721357757,0.612,1.723409846,0.612,1.707626017,0.612,1.714097915,0.612,1.732629493,0.612,1.708491257,0.612,1.726884238,0.612,1.73809978,0.612,1.712607677,0.612,1.745473177,0.612,1.723830862,0.612,1.72608869,0.612,1.707067788,0.612,1.714501341,0.612,1.73695852,0.612,1.707764907,0.612,1.730397358,0.612,1.743380859,0.612,0.612,0.612,0.612,0.612,0.612,0.612,0.612,0.612,0.612,0.612,0.612,0.612,0.612,0.612,0.612,0.612,0.612,0.612,0.612,0.612,0.612,0.612,0.612,0.612,0.612,0.612,0.612,0.612,0.612,0.612,0.612,0.612,0.612,0.612,0.612,0.612,0.612,0.612,0.612,0.612,0.612,0.612,0.612,0.612,0.612,0.612,0.612,0.612,0.612,0.612,0.612,0.612,0.612,0.612,0.612,0.612,0.612,0.612,0.612,0.612,0.612,0.612,0.612,0.612,0.612,0.612,0.612,0.612,0.612,0.612,0.612,0.612,0.612,0.612,0.612,0.612,0.612,0.612,0.612,0.612,1.480633776
0.648,1.423675568,0.648,1.36405208,0.648,1.373861939,0.648,1.335192504,0.648,1.331530573,0.648,1.403274988,0.648,1.328592979,0.648,1.388462998,0.648,1.443037768,0.648,1.177085045,0.648,1.232457784,0.648,1.163871377,0.648,1.203305053,0.648,1.162391832,0.648,1.166042803,0.648,1.204378129,0.648,1.164626311,0.648,1.19571668,0.648,1.281016967,0.648,1.660037174,0.648,1.699823601,0.648,1.673359771,0.648,1.675615738,0.648,1.654353637,0.648,1.661435625,0.648,1.689212084,0.648,1.654281324,0.648,1.681305159,0.648,1.698057001,0.648,1.639645064,0.648,1.695911149,0.648,1.659913468,0.648,1.662492814,0.648,1.631878615,0.648,1.640261849,0.648,1.682218417,0.648,1.63016998,0.648,1.67130091,0.648,1.694734652,0.648,0.648,0.648,0.648,0.648,0.648,0.648,0.648,0.648,0.648,0.648,0.648,0.648,0.648,0.648,0.648,0.648,0.648,0.648,0.648,0.648,0.648,0.648,0.648,0.648,0.648,0.648,0.648,0.648,0.648,0.648,0.648,0.648,0.648,0.648,0.648,0.648,0.648,0.648,0.648,0.648,0.648,0.648,0.648,0.648,0.648,0.648,0.648,0.648,0.648,0.648,0.648,0.648,0.648,0.648,0.648,0.648,0.648,0.648,0.648,0.648,0.648,0.648,0.648,0.648,0.648,0.648,0.648,0.648,0.648,0.648,0.648,0.648,0.648,0.648,0.648,0.648,0.648,0.648,0.648,0.648,1.343919165
0.684,1.276885073,0.684,1.220511311,0.684,1.253287203,0.684,1.218392114,0.684,1.217428276,0.684,1.254864259,0.684,1.21672719,0.684,1.248043925,0.684,1.314983913,0.684,1.094349852,0.684,1.127956163,0.684,1.073394517,0.684,1.116254184,0.684,1.079180685,0.684,1.085905116,0.684,1.104322619,0.684,1.084679146,0.684,1.100190883,0.684,1.162361435,0.684,1.581868121,0.684,1.638736721,0.684,1.602261167,0.684,1.604085735,0.684,1.575385238,0.684,1.58114444,0.684,1.624641351,0.684,1.572372029,0.684,1.613925323,0.684,1.639365343,0.684,1.476501737,0.684,1.600532274,0.684,1.53251666,0.684,1.532166222,0.684,1.46627333,0.684,1.457406466,0.684,1.577151561,0.684,1.438247156,0.684,1.557731912,0.684,1.607009921,0.684,0.684,0.684,0.684,0.684,0.684,0.684,0.684,0.684,0.684,0.684,0.684,0.684,0.684,0.684,0.684,0.684,0.684,0.684,0.684,0.684,0.684,0.684,0.684,0.684,0.684,0.684,0.684,0.684,0.684,0.684,0.684,0.684,0.684,0.684,0.684,0.684,0.684,0.684,0.684,0.684,0.684,0.684,0.684,0.684,0.684,0.684,0.684,0.684,0.684,0.684,0.684,0.684,0.684,0.684,0.684,0.684,0.684,0.684,0.684,0.684,0.684,0.684,0.684,0.684,0.684,0.684,0.684,0.684,0.684,0.684,0.684,0.684,0.684,0.684,0.684,0.684,0.684,0.684,0.684,0.684,1.229347866
0.72,1.175164846,0.72,1.124446636,0.72,1.162689292,0.72,1.129237719,0.72,1.130489507,0.72,1.154331694,0.72,1.130811808,0.72,1.150833267,0.72,1.21328211,0.72,1.026856097,0.72,1.055109991,0.72,1.00348351,0.72,1.04687994,0.72,1.011408838,0.72,1.019622016,0.72,1.032182189,0.72,1.018135182,0.72,1.028790746,0.72,1.08532464,0.72,1.443594098,0.72,1.540424467,0.72,1.484546642,0.72,1.483130594,0.72,1.437821355,0.72,1.430566688,0.72,1.520915618,0.72,1.420092831,0.72,1.505066703,0.72,1.550145981,0.72,1.077085607,0.72,1.185442758,0.72,1.072799023,0.72,1.109866821,0.72,1.062303638,0.72,1.064182898,0.72,1.137425242,0.72,1.062462866,0.72,1.115595041,0.72,1.337988442,0.72,0.72,0.72,0.72,0.72,0.72,0.72,0.72,0.72,0.72,0.72,0.72,0.72,0.72,0.72,0.72,0.72,0.72,0.72,0.72,0.72,0.72,0.72,0.72,0.72,0.72,0.72,0.72,0.72,0.72,0.72,0.72,0.72,0.72,0.72,0.72,0.72,0.72,0.72,0.72,0.72,0.72,0.72,0.72,0.72,0.72,0.72,0.72,0.72,0.72,0.72,0.72,0.72,0.72,0.72,0.72,0.72,0.72,0.72,0.72,0.72,0.72,0.72,0.72,0.72,0.72,0.72,0.72,0.72,0.72,0.72,0.72,0.72,0.72,0.72,0.72,0.72,0.72,0.72,0.72,0.72,1.14171131
0.756,1.094298237,0.756,1.045606773,0.756,1.084878045,0.756,1.052316315,0.756,1.055095014,0.756,1.073797719,0.756,1.055249451,0.756,1.070906953,0.756,1.129605075,0.756,0.964998141,0.756,0.991399061,0.756,0.940763003,0.756,0.984378177,0.756,0.949282862,0.756,0.958646351,0.756,0.96858302,0.756,0.956869509,0.756,0.965350267,0.756,1.019162778,0.756,1.126429293,0.756,1.287804532,0.756,1.151130833,0.756,1.16793539,0.756,1.117695094,0.756,1.107092508,0.756,1.244331299,0.756,1.107473372,0.756,1.208967551,0.756,1.372519712,0.756,0.991073473,0.756,1.024758523,0.756,0.968621542,0.756,1.012675783,0.756,0.97539252,0.756,0.982883255,0.756,1.000407461,0.756,0.981494029,0.756,0.996115574,0.756,1.06072116,0.756,0.756,0.756,0.756,0.756,0.756,0.756,0.756,0.756,0.756,0.756,0.756,0.756,0.756,0.756,0.756,0.756,0.756,0.756,0.756,0.756,0.756,0.756,0.756,0.756,0.756,0.756,0.756,0.756,0.756,0.756,0.756,0.756,0.756,0.756,0.756,0.756,0.756,0.756,0.756,0.756,0.756,0.756,0.756,0.756,0.756,0.756,0.756,0.756,0.756,0.756,0.756,0.756,0.756,0.756,0.756,0.756,0.756,0.756,0.756,0.756,0.756,0.756,0.756,0.756,0.756,0.756,0.756,0.756,0.756,0.756,0.756,0.756,0.756,0.756,0.756,0.756,0.756,0.756,0.756,0.756,1.065201321
0.792,1.021640269,0.792,0.973875395,0.792,1.013734946,0.792,0.981503391,0.792,0.985505396,0.792,1.001183091,0.792,0.985410099,0.792,0.998531004,0.792,1.054789972,0.792,0.906364686,0.792,0.931899896,0.792,0.881609566,0.792,0.925430275,0.792,0.890378244,0.792,0.900702911,0.792,0.909003152,0.792,0.898635281,0.792,0.905773682,0.792,0.957882012,0.792,1.016304063,0.792,1.054549618,0.792,0.999655143,0.792,1.038413177,0.792,1.003429909,0.792,1.004281547,0.792,1.032402079,0.792,1.004702392,0.792,1.028076604,0.792,1.100573815,0.792,0.92804543,0.792,0.954629822,0.792,0.902907961,0.792,0.947773522,0.792,0.911920399,0.792,0.921496855,0.792,0.931356517,0.792,0.91979159,0.792,0.928139317,0.792,0.984479301,0.792,0.792,0.792,0.792,0.792,0.792,0.792,0.792,0.792,0.792,0.792,0.792,0.792,0.792,0.792,0.792,0.792,0.792,0.792,0.792,0.792,0.792,0.792,0.792,0.792,0.792,0.792,0.792,0.792,0.792,0.792,0.792,0.792,0.792,0.792,0.792,0.792,0.792,0.792,0.792,0.792,0.792,0.792,0.792,0.792,0.792,0.792,0.792,0.792,0.792,0.792,0.792,0.792,0.792,0.792,0.792,0.792,0.792,0.792,0.792,0.792,0.792,0.792,0.792,0.792,0.792,0.792,0.792,0.792,0.792,0.792,0.792,0.792,0.792,0.792,0.792,0.792,0.792,0.792,0.792,0.792,0.994742873
0.828,0.953748265,0.828,0.906327739,0.828,0.946661511,0.828,0.914456742,0.828,0.919519346,0.828,0.933170063,0.828,0.919151837,0.828,0.930583051,0.828,0.985178623,0.828,0.849792668,0.828,0.874909564,0.828,0.824650388,0.828,0.868706801,0.828,0.833533227,0.828,0.844706272,0.828,0.851836466,0.828,0.842360695,0.828,0.848548894,0.828,0.899497006,0.828,0.940315086,0.828,0.96876328,0.828,0.919025583,0.828,0.960198494,0.828,0.926694969,0.828,0.930428678,0.828,0.947639553,0.828,0.93047551,0.828,0.94485506,0.828,1.005836503,0.828,0.872128034,0.828,0.896913253,0.828,0.846039805,0.828,0.891231389,0.828,0.855651939,0.828,0.866593612,0.828,0.873619242,0.828,0.86451455,0.828,0.8705202,0.828,0.923439242,0.828,0.828,0.828,0.828,0.828,0.828,0.828,0.828,0.828,0.828,0.828,0.828,0.828,0.828,0.828,0.828,0.828,0.828,0.828,0.828,0.828,0.828,0.828,0.828,0.828,0.828,0.828,0.828,0.828,0.828,0.828,0.828,0.828,0.828,0.828,0.828,0.828,0.828,0.828,0.828,0.828,0.828,0.828,0.828,0.828,0.828,0.828,0.828,0.828,0.828,0.828,0.828,0.828,0.828,0.828,0.828,0.828,0.828,0.828,0.828,0.828,0.828,0.828,0.828,0.828,0.828,0.828,0.828,0.828,0.828,0.828,0.828,0.828,0.828,0.828,0.828,0.828,0.828,0.828,0.828,0.828,0.928041003
0.864,0.888946846,0.864,0.8415616,0.864,0.882353512,0.864,0.850011472,0.864,0.856031736,0.864,0.868155179,0.864,0.855392651,0.864,0.865558073,0.864,0.918964649,0.864,0.794716115,0.864,0.819619,0.864,0.769249255,0.864,0.813556737,0.864,0.778193518,0.864,0.790131607,0.864,0.796328027,0.864,0.787526473,0.864,0.79296104,0.864,0.84305071,0.864,0.874166994,0.864,0.900021806,0.864,0.851351966,0.864,0.893196896,0.864,0.860056511,0.864,0.865507328,0.864,0.878853166,0.864,0.86515376,0.864,0.876284252,0.864,0.932892692,0.864,0.819555918,0.864,0.843613436,0.864,0.792982781,0.864,0.838388347,0.864,0.802768561,0.864,0.814794156,0.864,0.820159766,0.864,0.812358499,0.864,0.817020372,0.864,0.868122951,0.864,0.864,0.864,0.864,0.864,0.864,0.864,0.864,0.864,0.864,0.864,0.864,0.864,0.864,0.864,0.864,0.864,0.864,0.864,0.864,0.864,0.864,0.864,0.864,0.864,0.864,0.864,0.864,0.864,0.864,0.864,0.864,0.864,0.864,0.864,0.864,0.864,0.864,0.864,0.864,0.864,0.864,0.864,0.864,0.864,0.864,0.864,0.864,0.864,0.864,0.864,0.864,0.864,0.864,0.864,0.864,0.864,0.864,0.864,0.864,0.864,0.864,0.864,0.864,0.864,0.864,0.864,0.864,0.864,0.864,0.864,0.864,0.864,0.864,0.864,0.864,0.864,0.864,0.864,0.864,0.864,0.863937103
0.9,0.826390482,0.9,0.778909396,0.9,0.820135335,0.9,0.787596099,0.9,0.794492039,0.9,0.805347872,0.9,0.793593415,0.9,0.802710821,0.9,0.855197651,0.9,0.740892574,0.9,0.765647848,0.9,0.715151023,0.9,0.759679574,0.9,0.72413748,0.9,0.736761737,0.9,0.742140566,0.9,0.733920507,0.9,0.738694696,0.9,0.788071655,0.9,0.812732842,0.9,0.837331076,0.9,0.789045604,0.9,0.831354107,0.9,0.798212026,0.9,0.804986898,0.9,0.815983113,0.9,0.804256093,0.9,0.813445075,0.9,0.867835291,0.9,0.769036074,0.9,0.792826332,0.9,0.742167664,0.9,0.787749398,0.9,0.751965742,0.9,0.764914844,0.9,0.769151224,0.9,0.76214782,0.9,0.765910558,0.9,0.815770394,0.9,0.9,0.9,0.9,0.9,0.9,0.9,0.9,0.9,0.9,0.9,0.9,0.9,0.9,0.9,0.9,0.9,0.9,0.9,0.9,0.9,0.9,0.9,0.9,0.9,0.9,0.9,0.9,0.9,0.9,0.9,0.9,0.9,0.9,0.9,0.9,0.9,0.9,0.9,0.9,0.9,0.9,0.9,0.9,0.9,0.9,0.9,0.9,0.9,0.9,0.9,0.9,0.9,0.9,0.9,0.9,0.9,0.9,0.9,0.9,0.9,0.9,0.9,0.9,0.9,0.9,0.9,0.9,0.9,0.9,0.9,0.9,0.9,0.9,0.9,0.9,0.9,0.9,0.9,0.9,0.9,0.801844966
0.936,0.765687121,0.936,0.718139704,0.936,0.759711276,0.936,0.727019526,0.936,0.734704115,0.936,0.744412863,0.936,0.733568126,0.936,0.74173411,0.936,0.793398687,0.936,0.688306091,0.936,0.712874794,0.936,0.662360106,0.936,0.707005777,0.936,0.671381837,0.936,0.684597936,0.936,0.689200088,0.936,0.681551975,0.936,0.685692959,0.936,0.734370551,0.936,0.754311414,0.936,0.778267139,0.936,0.730048656,0.936,0.772714611,0.936,0.739433808,0.936,0.747315308,0.936,0.756677161,0.936,0.74623581,0.936,0.754086494,0.936,0.806962423,0.936,0.720003909,0.936,0.743706297,0.936,0.692932236,0.936,0.738657244,0.936,0.702681634,0.936,0.716445179,0.936,0.719798764,0.936,0.713372809,0.936,0.716441194,0.936,0.765337129,0.936,0.936,0.936,0.936,0.936,0.936,0.936,0.936,0.936,0.936,0.936,0.936,0.936,0.936,0.936,0.936,0.936,0.936,0.936,0.936,0.936,0.936,0.936,0.936,0.936,0.936,0.936,0.936,0.936,0.936,0.936,0.936,0.936,0.936,0.936,0.936,0.936,0.936,0.936,0.936,0.936,0.936,0.936,0.936,0.936,0.936,0.936,0.936,0.936,0.936,0.936,0.936,0.936,0.936,0.936,0.936,0.936,0.936,0.936,0.936,0.936,0.936,0.936,0.936,0.936,0.936,0.936,0.936,0.936,0.936,0.936,0.936,0.936,0.936,0.936,0.936,0.936,0.936,0.936,0.936,0.936,0.741542167
0.972,0.706764223,0.972,0.659367637,0.972,0.701079173,0.972,0.668409843,0.972,0.67676559,0.972,0.685349866,0.972,0.675428302,0.972,0.68265233,0.972,0.733413782,0.972,0.63714578,0.972,0.661381944,0.972,0.611115423,0.972,0.655662049,0.972,0.620165956,0.972,0.633841573,0.972,0.637651242,0.972,0.630635775,0.972,0.634119148,0.972,0.681969082,0.972,0.698173448,0.972,0.721724136,0.972,0.673504225,0.972,0.716421799,0.972,0.682999625,0.972,0.691834627,0.972,0.69989751,0.972,0.69043843,0.972,0.697230681,0.972,0.748903237,0.972,0.672248486,0.972,0.695902657,0.972,0.645040882,0.972,0.690845394,0.972,0.654718997,0.972,0.669204234,0.972,0.671787132,0.972,0.665854315,0.972,0.668318178,0.972,0.716363115,0.972,0.972,0.972,0.972,0.972,0.972,0.972,0.972,0.972,0.972,0.972,0.972,0.972,0.972,0.972,0.972,0.972,0.972,0.972,0.972,0.972,0.972,0.972,0.972,0.972,0.972,0.972,0.972,0.972,0.972,0.972,0.972,0.972,0.972,0.972,0.972,0.972,0.972,0.972,0.972,0.972,0.972,0.972,0.972,0.972,0.972,0.972,0.972,0.972,0.972,0.972,0.972,0.972,0.972,0.972,0.972,0.972,0.972,0.972,0.972,0.972,0.972,0.972,0.972,0.972,0.972,0.972,0.972,0.972,0.972,0.972,0.972,0.972,0.972,0.972,0.972,0.972,0.972,0.972,0.972,0.972,0.683104806
1.008,0.649841435,1.008,0.603065781,1.008,0.6445258,1.008,0.612234382,1.008,0.621082079,1.008,0.628480879,1.008,0.619601091,1.008,0.625816176,1.008,0.675374668,1.008,0.587828434,1.008,0.611454387,1.008,0.56191852,1.008,0.60598266,1.008,0.57098245,1.008,0.584917246,1.008,0.587868886,1.008,0.581619011,1.008,0.584372812,1.008,0.631090412,1.008,0.644087737,1.008,0.667263756,1.008,0.619157699,1.008,0.662158123,1.008,0.628707296,1.008,0.638353643,1.008,0.64526575,1.008,0.636679399,1.008,0.642531459,1.008,0.693072624,1.008,0.625778751,1.008,0.649327144,1.008,0.598514613,1.008,0.644275123,1.008,0.608113129,1.008,0.623217049,1.008,0.625067518,1.008,0.619624401,1.008,0.621507996,1.008,0.668689395,1.008,1.008,1.008,1.008,1.008,1.008,1.008,1.008,1.008,1.008,1.008,1.008,1.008,1.008,1.008,1.008,1.008,1.008,1.008,1.008,1.008,1.008,1.008,1.008,1.008,1.008,1.008,1.008,1.008,1.008,1.008,1.008,1.008,1.008,1.008,1.008,1.008,1.008,1.008,1.008,1.008,1.008,1.008,1.008,1.008,1.008,1.008,1.008,1.008,1.008,1.008,1.008,1.008,1.008,1.008,1.008,1.008,1.008,1.008,1.008,1.008,1.008,1.008,1.008,1.008,1.008,1.008,1.008,1.008,1.008,1.008,1.008,1.008,1.008,1.008,1.008,1.008,1.008,1.008,1.008,1.008,0.626919076
1.044,0.595466352,1.044,0.550127062,1.044,0.590674918,1.044,0.559363853,1.044,0.568426633,1.044,0.574500132,1.044,0.566890915,1.044,0.571956714,1.044,0.619723967,1.044,0.54104738,1.044,0.563614417,1.044,0.515587096,1.044,0.558550894,1.044,0.524629995,1.044,0.538520014,1.044,0.540503903,1.044,0.535230717,1.044,0.537138302,1.044,0.582188527,1.044,0.592167029,1.044,0.614836211,1.044,0.567155962,1.044,0.609952874,1.044,0.576721786,1.044,0.587011183,1.044,0.59280525,1.044,0.585110632,1.044,0.590038656,1.044,0.639316296,1.044,0.580779819,1.044,0.604070032,1.044,0.55357937,1.044,0.599077678,1.044,0.563093244,1.044,0.578672587,1.044,0.579785362,1.044,0.57488825,1.044,0.576173296,1.044,0.622357159,1.044,1.044,1.044,1.044,1.044,1.044,1.044,1.044,1.044,1.044,1.044,1.044,1.044,1.044,1.044,1.044,1.044,1.044,1.044,1.044,1.044,1.044,1.044,1.044,1.044,1.044,1.044,1.044,1.044,1.044,1.044,1.044,1.044,1.044,1.044,1.044,1.044,1.044,1.044,1.044,1.044,1.044,1.044,1.044,1.044,1.044,1.044,1.044,1.044,1.044,1.044,1.044,1.044,1.044,1.044,1.044,1.044,1.044,1.044,1.044,1.044,1.044,1.044,1.044,1.044,1.044,1.044,1.044,1.044,1.044,1.044,1.044,1.044,1.044,1.044,1.044,1.044,1.044,1.044,1.044,1.044,0.573740202
1.08,0.544577837,1.08,0.501871808,1.08,0.540546108,1.08,0.511081345,1.08,0.519974389,1.08,0.524528069,1.08,0.51850609,1.08,0.522233402,1.08,0.567278531,1.08,0.497798165,1.08,0.518667514,1.08,0.473252925,1.08,0.514240957,1.08,0.482211495,1.08,0.495637988,1.08,0.496522005,1.08,0.492497542,1.08,0.493417981,1.08,0.53599811,1.08,0.542841262,1.08,0.564700904,1.08,0.51801183,1.08,0.560135842,1.08,0.527554273,1.08,0.538255387,1.08,0.542877296,1.08,0.536202733,1.08,0.540143435,1.08,0.587800155,1.08,0.537609048,1.08,0.560373694,1.08,0.510664878,1.08,0.55554049,1.08,0.520085881,1.08,0.535918143,1.08,0.536264895,1.08,0.532022716,1.08,0.532662397,1.08,0.577577115,1.08,1.08,1.08,1.08,1.08,1.08,1.08,1.08,1.08,1.08,1.08,1.08,1.08,1.08,1.08,1.08,1.08,1.08,1.08,1.08,1.08,1.08,1.08,1.08,1.08,1.08,1.08,1.08,1.08,1.08,1.08,1.08,1.08,1.08,1.08,1.08,1.08,1.08,1.08,1.08,1.08,1.08,1.08,1.08,1.08,1.08,1.08,1.08,1.08,1.08,1.08,1.08,1.08,1.08,1.08,1.08,1.08,1.08,1.08,1.08,1.08,1.08,1.08,1.08,1.08,1.08,1.08,1.08,1.08,1.08,1.08,1.08,1.08,1.08,1.08,1.08,1.08,1.08,1.08,1.08,1.08,0.524731771
1.116,0.498478686,1.116,0.459695623,1.116,0.495473225,1.116,0.468751952,1.116,0.477088191,1.116,0.479974238,1.116,0.475807414,1.116,0.478060685,1.116,0.51924899,1.116,0.45922616,1.116,0.477682355,1.116,0.436083951,1.116,0.474157016,1.116,0.444869593,1.116,0.457399522,1.116,0.457098144,1.116,0.454555568,1.116,0.454394964,1.116,0.493544486,1.116,0.496878747,1.116,0.51742906,1.116,0.472618661,1.116,0.513352745,1.116,0.482080188,1.116,0.492865168,1.116,0.496192968,1.116,0.490766655,1.116,0.49359301,1.116,0.538999809,1.116,0.496810915,1.116,0.518635009,1.116,0.47042312,1.116,0.514116122,1.116,0.479733717,1.116,0.495473638,1.116,0.495020586,1.116,0.491591926,1.116,0.491523658,1.116,0.534731534,1.116,1.116,1.116,1.116,1.116,1.116,1.116,1.116,1.116,1.116,1.116,1.116,1.116,1.116,1.116,1.116,1.116,1.116,1.116,1.116,1.116,1.116,1.116,1.116,1.116,1.116,1.116,1.116,1.116,1.116,1.116,1.116,1.116,1.116,1.116,1.116,1.116,1.116,1.116,1.116,1.116,1.116,1.116,1.116,1.116,1.116,1.116,1.116,1.116,1.116,1.116,1.116,1.116,1.116,1.116,1.116,1.116,1.116,1.116,1.116,1.116,1.116,1.116,1.116,1.116,1.116,1.116,1.116,1.116,1.116,1.116,1.116,1.116,1.116,1.116,1.116,1.116,1.116,1.116,1.116,1.116,0.48126593
1.152,0.458426445,1.152,0.42418438,1.152,0.456581902,1.152,0.43298001,1.152,0.440599427,1.152,0.441884603,1.152,0.439547922,1.152,0.440402028,1.152,0.476968993,1.152,0.426101052,1.152,0.441712997,1.152,0.404609756,1.152,0.439262735,1.152,0.413142302,1.152,0.424556811,1.152,0.423137531,1.152,0.422087536,1.152,0.42090467,1.152,0.455941118,1.152,0.455348059,1.152,0.473917398,1.152,0.432150874,1.152,0.470566563,1.152,0.441444969,1.152,0.451907164,1.152,0.45379858,1.152,0.449895203,1.152,0.451463426,1.152,0.493722066,1.152,0.459121047,1.152,0.479424288,1.152,0.43371169,1.152,0.475437588,1.152,0.442876994,1.152,0.458042537,1.152,0.456768906,1.152,0.454347289,1.152,0.453512294,1.152,0.494389808,1.152,1.152,1.152,1.152,1.152,1.152,1.152,1.152,1.152,1.152,1.152,1.152,1.152,1.152,1.152,1.152,1.152,1.152,1.152,1.152,1.152,1.152,1.152,1.152,1.152,1.152,1.152,1.152,1.152,1.152,1.152,1.152,1.152,1.152,1.152,1.152,1.152,1.152,1.152,1.152,1.152,1.152,1.152,1.152,1.152,1.152,1.152,1.152,1.152,1.152,1.152,1.152,1.152,1.152,1.152,1.152,1.152,1.152,1.152,1.152,1.152,1.152,1.152,1.152,1.152,1.152,1.152,1.152,1.152,1.152,1.152,1.152,1.152,1.152,1.152,1.152,1.152,1.152,1.152,1.152,1.152,0.444213121
1.188,0.424808043,1.188,0.39469159,1.188,0.423995087,1.188,0.403173605,1.188,0.410188357,1.188,0.410152733,1.188,0.409313692,1.188,0.409033857,1.188,0.441130951,1.188,0.398280087,1.188,0.411193368,1.188,0.378358564,1.188,0.409769799,1.188,0.38659803,1.188,0.396959389,1.188,0.394651145,1.188,0.394843545,1.188,0.392847061,1.188,0.42382373,1.188,0.419282119,1.188,0.435264504,1.188,0.397549981,1.188,0.432864694,1.188,0.406577954,1.188,0.416393482,1.188,0.416805492,1.188,0.414574365,1.188,0.414843165,1.188,0.453040314,1.188,0.425363649,1.188,0.443484718,1.188,0.401385825,1.188,0.440285086,1.188,0.410351558,1.188,0.424429438,1.188,0.422357958,1.188,0.421104869,1.188,0.419490831,1.188,0.457301957,1.188,1.188,1.188,1.188,1.188,1.188,1.188,1.188,1.188,1.188,1.188,1.188,1.188,1.188,1.188,1.188,1.188,1.188,1.188,1.188,1.188,1.188,1.188,1.188,1.188,1.188,1.188,1.188,1.188,1.188,1.188,1.188,1.188,1.188,1.188,1.188,1.188,1.188,1.188,1.188,1.188,1.188,1.188,1.188,1.188,1.188,1.188,1.188,1.188,1.188,1.188,1.188,1.188,1.188,1.188,1.188,1.188,1.188,1.188,1.188,1.188,1.188,1.188,1.188,1.188,1.188,1.188,1.188,1.188,1.188,1.188,1.188,1.188,1.188,1.188,1.188,1.188,1.188,1.188,1.188,1.188,0.413288608
1.224,0.396904528,1.224,0.370053771,1.224,0.396852654,1.224,0.378207325,1.224,0.384816903,1.224,0.383766076,1.224,0.384038729,1.224,0.382902433,1.224,0.411270754,1.224,0.374926309,1.224,0.385638806,1.224,0.356356522,1.224,0.385036244,1.224,0.364297687,1.224,0.37376927,1.224,0.370843021,1.224,0.371946836,1.224,0.369377576,1.224,0.396904327,1.224,0.38899454,1.224,0.402272998,1.224,0.368797058,1.224,0.400876573,1.224,0.37749334,1.224,0.386607352,1.224,0.385702991,1.224,0.38499695,1.224,0.384120263,1.224,0.417905124,1.224,0.396090513,1.224,0.411584682,1.224,0.373794289,1.224,0.409359154,1.224,0.382509168,1.224,0.39520281,1.224,0.392443146,1.224,0.392357159,1.224,0.390054962,1.224,0.424264274,1.224,1.224,1.224,1.224,1.224,1.224,1.224,1.224,1.224,1.224,1.224,1.224,1.224,1.224,1.224,1.224,1.224,1.224,1.224,1.224,1.224,1.224,1.224,1.224,1.224,1.224,1.224,1.224,1.224,1.224,1.224,1.224,1.224,1.224,1.224,1.224,1.224,1.224,1.224,1.224,1.224,1.224,1.224,1.224,1.224,1.224,1.224,1.224,1.224,1.224,1.224,1.224,1.224,1.224,1.224,1.224,1.224,1.224,1.224,1.224,1.224,1.224,1.224,1.224,1.224,1.224,1.224,1.224,1.224,1.224,1.224,1.224,1.224,1.224,1.224,1.224,1.224,1.224,1.224,1.224,1.224,0.387457227
1.26,0.373602903,1.26,0.349244361,1.26,0.374067396,1.26,0.357070983,1.26,0.363444091,1.26,0.361614557,1.26,0.362698048,1.26,0.360915025,1.26,0.386309127,1.26,0.355095735,1.26,0.364107933,1.26,0.337671647,1.26,0.364112929,1.26,0.345327167,1.26,0.354046199,1.26,0.350730189,1.26,0.352465499,1.26,0.349524674,1.26,0.374298968,1.26,0.363863425,1.26,0.374839368,1.26,0.345021158,1.26,0.374285156,1.26,0.353366023,1.26,0.361907703,1.26,0.359974989,1.26,0.360458799,1.26,0.358693894,1.26,0.388482564,1.26,0.371183871,1.26,0.384105195,1.26,0.350517397,1.26,0.382847017,1.26,0.358957849,1.26,0.370289135,1.26,0.367026119,1.26,0.367911911,1.26,0.365098476,1.26,0.395734543,1.26,1.26,1.26,1.26,1.26,1.26,1.26,1.26,1.26,1.26,1.26,1.26,1.26,1.26,1.26,1.26,1.26,1.26,1.26,1.26,1.26,1.26,1.26,1.26,1.26,1.26,1.26,1.26,1.26,1.26,1.26,1.26,1.26,1.26,1.26,1.26,1.26,1.26,1.26,1.26,1.26,1.26,1.26,1.26,1.26,1.26,1.26,1.26,1.26,1.26,1.26,1.26,1.26,1.26,1.26,1.26,1.26,1.26,1.26,1.26,1.26,1.26,1.26,1.26,1.26,1.26,1.26,1.26,1.26,1.26,1.26,1.26,1.26,1.26,1.26,1.26,1.26,1.26,1.26,1.26,1.26,0.36566982
1.296,0.353934451,1.296,0.331494925,1.296,0.354739648,1.296,0.339003925,1.296,0.34525185,1.296,0.342821143,1.296,0.344499256,1.296,0.342221777,1.296,0.36522774,1.296,0.338011323,1.296,0.34571087,1.296,0.321570256,1.296,0.34615896,1.296,0.328959546,1.296,0.337024414,1.296,0.333486029,1.296,0.335647068,1.296,0.33248444,1.296,0.355083571,1.296,0.342899034,1.296,0.352101633,1.296,0.325193242,1.296,0.352166925,1.296,0.333194475,1.296,0.341294802,1.296,0.338616193,1.296,0.339962823,1.296,0.337551269,1.296,0.364068435,1.296,0.350000896,1.296,0.360756241,1.296,0.330763979,1.296,0.360300176,1.296,0.338929443,1.296,0.34908235,1.296,0.345497194,1.296,0.347100061,1.296,0.343951635,1.296,0.371496564,1.296,1.296,1.296,1.296,1.296,1.296,1.296,1.296,1.296,1.296,1.296,1.296,1.296,1.296,1.296,1.296,1.296,1.296,1.296,1.296,1.296,1.296,1.296,1.296,1.296,1.296,1.296,1.296,1.296,1.296,1.296,1.296,1.296,1.296,1.296,1.296,1.296,1.296,1.296,1.296,1.296,1.296,1.296,1.296,1.296,1.296,1.296,1.296,1.296,1.296,1.296,1.296,1.296,1.296,1.296,1.296,1.296,1.296,1.296,1.296,1.296,1.296,1.296,1.296,1.296,1.296,1.296,1.296,1.296,1.296,1.296,1.296,1.296,1.296,1.296,1.296,1.296,1.296,1.296,1.296,1.296,0.347107843
1.332,0.337154174,1.332,0.316231675,1.332,0.33818322,1.332,0.323438097,1.332,0.329612011,1.332,0.326727979,1.332,0.328839794,1.332,0.326188532,1.332,0.347246724,1.332,0.323090776,1.332,0.329763397,1.332,0.307504985,1.332,0.330535468,1.332,0.314647863,1.332,0.322137642,1.332,0.318489208,1.332,0.320932123,1.332,0.317651339,1.332,0.338512703,1.332,0.325198432,1.332,0.333054753,1.332,0.308454067,1.332,0.333561138,1.332,0.316133465,1.332,0.323858488,1.332,0.320672918,1.332,0.322624429,1.332,0.319765005,1.332,0.34367897,1.332,0.331811737,1.332,0.340858089,1.332,0.313793163,1.332,0.341009722,1.332,0.321692795,1.332,0.330870406,1.332,0.3270963,1.332,0.329203441,1.332,0.325850738,1.332,0.350874866,1.332,1.332,1.332,1.332,1.332,1.332,1.332,1.332,1.332,1.332,1.332,1.332,1.332,1.332,1.332,1.332,1.332,1.332,1.332,1.332,1.332,1.332,1.332,1.332,1.332,1.332,1.332,1.332,1.332,1.332,1.332,1.332,1.332,1.332,1.332,1.332,1.332,1.332,1.332,1.332,1.332,1.332,1.332,1.332,1.332,1.332,1.332,1.332,1.332,1.332,1.332,1.332,1.332,1.332,1.332,1.332,1.332,1.332,1.332,1.332,1.332,1.332,1.332,1.332,1.332,1.332,1.332,1.332,1.332,1.332,1.332,1.332,1.332,1.332,1.332,1.332,1.332,1.332,1.332,1.332,1.332,0.331152549
1.368,0.322682462,1.368,0.303003786,1.368,0.323861335,1.368,0.309928156,1.368,0.316024708,1.368,0.312823454,1.368,0.315241037,1.368,0.312323171,1.368,0.331778072,1.368,0.309909646,1.368,0.315768394,1.368,0.295075286,1.368,0.316777468,1.368,0.3019891,1.368,0.308975716,1.368,0.305287692,1.368,0.307913989,1.368,0.30458239,1.368,0.324029552,1.368,0.310041906,1.368,0.31685421,1.368,0.294132266,1.368,0.317679484,1.368,0.301518729,1.368,0.308880688,1.368,0.305382334,1.368,0.307743817,1.368,0.304597896,1.368,0.326443928,1.368,0.316012695,1.368,0.323727894,1.368,0.299032801,1.368,0.324326685,1.368,0.306678773,1.368,0.315055544,1.368,0.311180726,1.368,0.313637348,1.368,0.310168049,1.368,0.333151535,1.368,1.368,1.368,1.368,1.368,1.368,1.368,1.368,1.368,1.368,1.368,1.368,1.368,1.368,1.368,1.368,1.368,1.368,1.368,1.368,1.368,1.368,1.368,1.368,1.368,1.368,1.368,1.368,1.368,1.368,1.368,1.368,1.368,1.368,1.368,1.368,1.368,1.368,1.368,1.368,1.368,1.368,1.368,1.368,1.368,1.368,1.368,1.368,1.368,1.368,1.368,1.368,1.368,1.368,1.368,1.368,1.368,1.368,1.368,1.368,1.368,1.368,1.368,1.368,1.368,1.368,1.368,1.368,1.368,1.368,1.368,1.368,1.368,1.368,1.368,1.368,1.368,1.368,1.368,1.368,1.368,0.317316646
1.404,0.31005521,1.404,0.29143722,1.404,0.31133848,1.404,0.298104408,1.404,0.304083845,1.404,0.300690322,1.404,0.303308485,1.404,0.300222879,1.404,0.318357636,1.404,0.298158096,1.404,0.303365013,1.404,0.283988623,1.404,0.304546484,1.404,0.290687947,1.404,0.297237841,1.404,0.293553077,1.404,0.296295166,1.404,0.292954996,1.404,0.311227702,1.404,0.296874548,1.404,0.302855632,1.404,0.281706119,1.404,0.303916948,1.404,0.288830037,1.404,0.295821812,1.404,0.292157261,1.404,0.29478537,1.404,0.29147824,1.404,0.311673315,1.404,0.302145531,1.404,0.308817343,1.404,0.286059108,1.404,0.309743239,1.404,0.293464376,1.404,0.301180288,1.404,0.297262249,1.404,0.299958969,1.404,0.296431012,1.404,0.31774354,1.404,1.404,1.404,1.404,1.404,1.404,1.404,1.404,1.404,1.404,1.404,1.404,1.404,1.404,1.404,1.404,1.404,1.404,1.404,1.404,1.404,1.404,1.404,1.404,1.404,1.404,1.404,1.404,1.404,1.404,1.404,1.404,1.404,1.404,1.404,1.404,1.404,1.404,1.404,1.404,1.404,1.404,1.404,1.404,1.404,1.404,1.404,1.404,1.404,1.404,1.404,1.404,1.404,1.404,1.404,1.404,1.404,1.404,1.404,1.404,1.404,1.404,1.404,1.404,1.404,1.404,1.404,1.404,1.404,1.404,1.404,1.404,1.404,1.404,1.404,1.404,1.404,1.404,1.404,1.404,1.404,0.305199121
1.44,0.298902658,1.44,0.281216481,1.44,0.300261242,1.44,0.287652579,1.44,0.293466742,1.44,0.289984016,1.44,0.292719191,1.44,0.289550674,1.44,0.30660183,1.44,0.287605131,1.44,0.292285405,1.44,0.274027662,1.44,0.293590695,1.44,0.280525053,1.44,0.286697439,1.44,0.283042125,1.44,0.285852727,1.44,0.282530509,1.44,0.299809894,1.44,0.285280351,1.44,0.290587497,1.44,0.27077775,1.44,0.291825346,1.44,0.277666258,1.44,0.284289193,1.44,0.280557214,1.44,0.283351368,1.44,0.279971328,1.44,0.298833967,1.44,0.289865643,1.44,0.295710316,1.44,0.274555917,1.44,0.296875354,1.44,0.281733466,1.44,0.288899032,1.44,0.284975619,1.44,0.28783473,1.44,0.284286859,1.44,0.304210044,1.44,1.44,1.44,1.44,1.44,1.44,1.44,1.44,1.44,1.44,1.44,1.44,1.44,1.44,1.44,1.44,1.44,1.44,1.44,1.44,1.44,1.44,1.44,1.44,1.44,1.44,1.44,1.44,1.44,1.44,1.44,1.44,1.44,1.44,1.44,1.44,1.44,1.44,1.44,1.44,1.44,1.44,1.44,1.44,1.44,1.44,1.44,1.44,1.44,1.44,1.44,1.44,1.44,1.44,1.44,1.44,1.44,1.44,1.44,1.44,1.44,1.44,1.44,1.44,1.44,1.44,1.44,1.44,1.44,1.44,1.44,1.44,1.44,1.44,1.44,1.44,1.44,1.44,1.44,1.44,1.44,0.294468543
1.476,0.288941708,1.476,0.27208484,1.476,0.29035417,1.476,0.278313361,1.476,0.283929127,1.476,0.280429818,1.476,0.283221008,1.476,0.280032721,1.476,0.296191984,1.476,0.278073436,1.476,0.28232503,1.476,0.265026231,1.476,0.283717286,1.476,0.271332956,1.476,0.277178943,1.476,0.273569383,1.476,0.276414659,1.476,0.273127363,1.476,0.28955411,1.476,0.274956459,1.476,0.279712048,1.476,0.261053879,1.476,0.281081017,1.476,0.267728698,1.476,0.274001042,1.476,0.270261342,1.476,0.273153975,1.476,0.269756911,1.476,0.287524626,1.476,0.278910375,1.476,0.284091681,1.476,0.264282564,1.476,0.285431154,1.476,0.271245078,1.476,0.277947721,1.476,0.274044187,1.476,0.277009724,1.476,0.273468245,1.476,0.292219339,1.476,1.476,1.476,1.476,1.476,1.476,1.476,1.476,1.476,1.476,1.476,1.476,1.476,1.476,1.476,1.476,1.476,1.476,1.476,1.476,1.476,1.476,1.476,1.476,1.476,1.476,1.476,1.476,1.476,1.476,1.476,1.476,1.476,1.476,1.476,1.476,1.476,1.476,1.476,1.476,1.476,1.476,1.476,1.476,1.476,1.476,1.476,1.476,1.476,1.476,1.476,1.476,1.476,1.476,1.476,1.476,1.476,1.476,1.476,1.476,1.476,1.476,1.476,1.476,1.476,1.476,1.476,1.476,1.476,1.476,1.476,1.476,1.476,1.476,1.476,1.476,1.476,1.476,1.476,1.476,1.476,0.284862098
1.512,0.279964248,1.512,0.263846028,1.512,0.28141267,1.512,0.269885804,1.512,0.275292424,1.512,0.271820521,1.512,0.27462685,1.512,0.271459128,1.512,0.286874154,1.512,0.269423136,1.512,0.273323601,1.512,0.25685355,1.512,0.274774649,1.512,0.262980003,1.512,0.268542966,1.512,0.264989426,1.512,0.267844704,1.512,0.264603363,1.512,0.280289643,1.512,0.26568409,1.512,0.269985933,1.512,0.252322619,1.512,0.271450433,1.512,0.258800609,1.512,0.264752188,1.512,0.261038608,1.512,0.263984858,1.512,0.260603705,1.512,0.277452207,1.512,0.269075752,1.512,0.273719415,1.512,0.255051911,1.512,0.275185221,1.512,0.261811601,1.512,0.268121071,1.512,0.264254408,1.512,0.267285504,1.512,0.263768473,1.512,0.281518124,1.512,1.512,1.512,1.512,1.512,1.512,1.512,1.512,1.512,1.512,1.512,1.512,1.512,1.512,1.512,1.512,1.512,1.512,1.512,1.512,1.512,1.512,1.512,1.512,1.512,1.512,1.512,1.512,1.512,1.512,1.512,1.512,1.512,1.512,1.512,1.512,1.512,1.512,1.512,1.512,1.512,1.512,1.512,1.512,1.512,1.512,1.512,1.512,1.512,1.512,1.512,1.512,1.512,1.512,1.512,1.512,1.512,1.512,1.512,1.512,1.512,1.512,1.512,1.512,1.512,1.512,1.512,1.512,1.512,1.512,1.512,1.512,1.512,1.512,1.512,1.512,1.512,1.512,1.512,1.512,1.512,0.276182604
1.548,0.271818495,1.548,0.256356474,1.548,0.273287469,1.548,0.262221955,1.548,0.267425496,1.548,0.26400496,1.548,0.266800189,1.548,0.263675989,1.548,0.278457156,1.548,0.261541395,1.548,0.26515277,1.548,0.249404193,1.548,0.266640944,1.548,0.255360108,1.548,0.260676627,1.548,0.25718554,1.548,0.260032602,1.548,0.256844414,1.548,0.271881611,1.548,0.257301707,1.548,0.26122868,1.548,0.244428966,1.548,0.262760737,1.548,0.250723691,1.548,0.256388198,1.548,0.252719571,1.548,0.25568908,1.548,0.252342833,1.548,0.268404592,1.548,0.260200425,1.548,0.264404347,1.548,0.24671559,1.548,0.265960323,1.548,0.2532841,1.548,0.25925664,1.548,0.255438274,1.548,0.258504747,1.548,0.255024604,1.548,0.271909286,1.548,1.548,1.548,1.548,1.548,1.548,1.548,1.548,1.548,1.548,1.548,1.548,1.548,1.548,1.548,1.548,1.548,1.548,1.548,1.548,1.548,1.548,1.548,1.548,1.548,1.548,1.548,1.548,1.548,1.548,1.548,1.548,1.548,1.548,1.548,1.548,1.548,1.548,1.548,1.548,1.548,1.548,1.548,1.548,1.548,1.548,1.548,1.548,1.548,1.548,1.548,1.548,1.548,1.548,1.548,1.548,1.548,1.548,1.548,1.548,1.548,1.548,1.548,1.548,1.548,1.548,1.548,1.548,1.548,1.548,1.548,1.548,1.548,1.548,1.548,1.548,1.548,1.548,1.548,1.548,1.548,0.268286143
1.584,0.264390701,1.584,0.249510978,1.584,0.265867282,1.584,0.255213614,1.584,0.260228669,1.584,0.256871759,1.584,0.259638982,1.584,0.256570552,1.584,0.270801286,1.584,0.254335544,1.584,0.257707935,1.584,0.242591553,1.584,0.25921649,1.584,0.248386101,1.584,0.253487018,1.584,0.250062285,1.584,0.252887589,1.584,0.249757177,1.584,0.264221043,1.584,0.249685665,1.584,0.253301656,1.584,0.237255522,1.584,0.25487933,1.584,0.243378523,1.584,0.248788714,1.584,0.245175497,1.584,0.248147131,1.584,0.2448468,1.584,0.26022503,1.584,0.252154617,1.584,0.255996064,1.584,0.239153953,1.584,0.257614744,1.584,0.245542323,1.584,0.251223788,1.584,0.247461302,1.584,0.250540678,1.584,0.247105944,1.584,0.263236596,1.584,1.584,1.584,1.584,1.584,1.584,1.584,1.584,1.584,1.584,1.584,1.584,1.584,1.584,1.584,1.584,1.584,1.584,1.584,1.584,1.584,1.584,1.584,1.584,1.584,1.584,1.584,1.584,1.584,1.584,1.584,1.584,1.584,1.584,1.584,1.584,1.584,1.584,1.584,1.584,1.584,1.584,1.584,1.584,1.584,1.584,1.584,1.584,1.584,1.584,1.584,1.584,1.584,1.584,1.584,1.584,1.584,1.584,1.584,1.584,1.584,1.584,1.584,1.584,1.584,1.584,1.584,1.584,1.584,1.584,1.584,1.584,1.584,1.584,1.584,1.584,1.584,1.584,1.584,1.584,1.584,0.261066028
1.62,0.257592169,1.62,0.243229626,1.62,0.259065771,1.62,0.248779049,1.62,0.253623091,1.62,0.250335692,1.62,0.253063754,1.62,0.250057342,1.62,0.263803007,1.62,0.247728366,1.62,0.250902586,1.62,0.236343402,1.62,0.252418546,1.62,0.241985251,1.62,0.246896645,1.62,0.243540432,1.62,0.246333905,1.62,0.243264101,1.62,0.257218317,1.62,0.242738042,1.62,0.246095044,1.62,0.230710026,1.62,0.247701162,1.62,0.236671556,1.62,0.241857188,1.62,0.238305099,1.62,0.241263795,1.62,0.238015771,1.62,0.252793457,1.62,0.244832409,1.62,0.2483731,1.62,0.232269102,1.62,0.25003345,1.62,0.238487754,1.62,0.243915934,1.62,0.240214196,1.62,0.243289667,1.62,0.239906066,1.62,0.255374174,1.62,1.62,1.62,1.62,1.62,1.62,1.62,1.62,1.62,1.62,1.62,1.62,1.62,1.62,1.62,1.62,1.62,1.62,1.62,1.62,1.62,1.62,1.62,1.62,1.62,1.62,1.62,1.62,1.62,1.62,1.62,1.62,1.62,1.62,1.62,1.62,1.62,1.62,1.62,1.62,1.62,1.62,1.62,1.62,1.62,1.62,1.62,1.62,1.62,1.62,1.62,1.62,1.62,1.62,1.62,1.62,1.62,1.62,1.62,1.62,1.62,1.62,1.62,1.62,1.62,1.62,1.62,1.62,1.62,1.62,1.62,1.62,1.62,1.62,1.62,1.62,1.62,1.62,1.62,1.62,1.62,0.254439973
1.656,0.251351254,1.656,0.237449048,1.656,0.252813397,1.656,0.242853778,1.656,0.247544284,1.656,0.244328839,1.656,0.247010232,1.656,0.244068764,1.656,0.257382513,1.656,0.241654759,1.656,0.244664305,1.656,0.23059877,1.656,0.246177604,1.656,0.236096112,1.656,0.240840152,1.656,0.237553401,1.656,0.240307588,1.656,0.237299943,1.656,0.250798662,1.656,0.236379173,1.656,0.239519721,1.656,0.224717752,1.656,0.241140858,1.656,0.230527169,1.656,0.235514423,1.656,0.232026417,1.656,0.234961266,1.656,0.231769176,1.656,0.246014721,1.656,0.238146248,1.656,0.241436012,1.656,0.225979916,1.656,0.243121825,1.656,0.232038665,1.656,0.237245026,1.656,0.233606954,1.656,0.236665935,1.656,0.233337166,1.656,0.248219126,1.656,1.656,1.656,1.656,1.656,1.656,1.656,1.656,1.656,1.656,1.656,1.656,1.656,1.656,1.656,1.656,1.656,1.656,1.656,1.656,1.656,1.656,1.656,1.656,1.656,1.656,1.656,1.656,1.656,1.656,1.656,1.656,1.656,1.656,1.656,1.656,1.656,1.656,1.656,1.656,1.656,1.656,1.656,1.656,1.656,1.656,1.656,1.656,1.656,1.656,1.656,1.656,1.656,1.656,1.656,1.656,1.656,1.656,1.656,1.656,1.656,1.656,1.656,1.656,1.656,1.656,1.656,1.656,1.656,1.656,1.656,1.656,1.656,1.656,1.656,1.656,1.656,1.656,1.656,1.656,1.656,0.248341943
1.692,0.245608504,1.692,0.23211718,1.692,0.247052506,1.692,0.237385002,1.692,0.241938215,1.692,0.23879528,1.692,0.241424906,1.692,0.23854944,1.692,0.251475769,1.692,0.23605929,1.692,0.238931846,1.692,0.225305677,1.692,0.24043468,1.692,0.23066626,1.692,0.235261896,1.692,0.232044665,1.692,0.234754118,1.692,0.231809248,1.692,0.244898967,1.692,0.230542894,1.692,0.23350198,1.692,0.219216778,1.692,0.235127661,1.692,0.224882752,1.692,0.229694332,1.692,0.226271679,1.692,0.229174733,1.692,0.22604048,1.692,0.239811345,1.692,0.232022949,1.692,0.235102398,1.692,0.220218443,1.692,0.23680113,1.692,0.226126518,1.692,0.231137503,1.692,0.227564597,1.692,0.230597699,1.692,0.227325969,1.692,0.241686284,1.692,1.692,1.692,1.692,1.692,1.692,1.692,1.692,1.692,1.692,1.692,1.692,1.692,1.692,1.692,1.692,1.692,1.692,1.692,1.692,1.692,1.692,1.692,1.692,1.692,1.692,1.692,1.692,1.692,1.692,1.692,1.692,1.692,1.692,1.692,1.692,1.692,1.692,1.692,1.692,1.692,1.692,1.692,1.692,1.692,1.692,1.692,1.692,1.692,1.692,1.692,1.692,1.692,1.692,1.692,1.692,1.692,1.692,1.692,1.692,1.692,1.692,1.692,1.692,1.692,1.692,1.692,1.692,1.692,1.692,1.692,1.692,1.692,1.692,1.692,1.692,1.692,1.692,1.692,1.692,1.692,0.24271726
1.728,0.240313604,1.728,0.227190122,1.728,0.241734277,1.728,0.232328281,1.728,0.236758788,1.728,0.233687855,1.728,0.236262292,1.728,0.233452797,1.728,0.246029748,1.728,0.230894364,1.728,0.233652946,1.728,0.220419434,1.728,0.235139291,1.728,0.225650583,1.728,0.230114116,1.728,0.226965814,1.728,0.229626645,1.728,0.22674447,1.728,0.239465441,1.728,0.225173404,1.728,0.227979979,1.728,0.214154913,1.728,0.229602047,1.728,0.219685541,1.728,0.224341043,1.728,0.220983935,1.728,0.223849419,1.728,0.220773778,1.728,0.234118932,1.728,0.226400739,1.728,0.229303247,1.728,0.214927213,1.728,0.23100517,1.728,0.220693284,1.728,0.225531308,1.728,0.222024029,1.728,0.225024304,1.728,0.221810716,1.728,0.235704375,1.728,1.728,1.728,1.728,1.728,1.728,1.728,1.728,1.728,1.728,1.728,1.728,1.728,1.728,1.728,1.728,1.728,1.728,1.728,1.728,1.728,1.728,1.728,1.728,1.728,1.728,1.728,1.728,1.728,1.728,1.728,1.728,1.728,1.728,1.728,1.728,1.728,1.728,1.728,1.728,1.728,1.728,1.728,1.728,1.728,1.728,1.728,1.728,1.728,1.728,1.728,1.728,1.728,1.728,1.728,1.728,1.728,1.728,1.728,1.728,1.728,1.728,1.728,1.728,1.728,1.728,1.728,1.728,1.728,1.728,1.728,1.728,1.728,1.728,1.728,1.728,1.728,1.728,1.728,1.728,1.728,0.237519616
1.764,0.235423368,1.764,0.222630175,1.764,0.23681675,1.764,0.22764548,1.764,0.231966192,1.764,0.22896612,1.764,0.23148316,1.764,0.228738939,1.764,0.240999526,1.764,0.226118817,1.764,0.228782658,1.764,0.215901347,1.764,0.230247895,1.764,0.221009984,1.764,0.225355517,1.764,0.222275081,1.764,0.224884615,1.764,0.222064534,1.764,0.234451857,1.764,0.220223089,1.764,0.222901239,1.764,0.209487608,1.764,0.224513366,1.764,0.214890485,1.764,0.21940683,1.764,0.216114737,1.764,0.218938517,1.764,0.215921488,1.764,0.228883129,1.764,0.221227016,1.764,0.223980208,1.764,0.210057205,1.764,0.225677781,1.764,0.215689415,1.764,0.220373631,1.764,0.216931673,1.764,0.219894056,1.764,0.21673889,1.764,0.230213176,1.764,1.764,1.764,1.764,1.764,1.764,1.764,1.764,1.764,1.764,1.764,1.764,1.764,1.764,1.764,1.764,1.764,1.764,1.764,1.764,1.764,1.764,1.764,1.764,1.764,1.764,1.764,1.764,1.764,1.764,1.764,1.764,1.764,1.764,1.764,1.764,1.764,1.764,1.764,1.764,1.764,1.764,1.764,1.764,1.764,1.764,1.764,1.764,1.764,1.764,1.764,1.764,1.764,1.764,1.764,1.764,1.764,1.764,1.764,1.764,1.764,1.764,1.764,1.764,1.764,1.764,1.764,1.764,1.764,1.764,1.764,1.764,1.764,1.764,1.764,1.764,1.764,1.764,1.764,1.764,1.764,0.23270916
1.8,0.230900354,1.8,0.218404556,1.8,0.232263473,1.8,0.223303437,1.8,0.227525724,1.8,0.224594974,1.8,0.227053322,1.8,0.224373245,1.8,0.236346424,1.8,0.221696814,1.8,0.224282061,1.8,0.211717693,1.8,0.225722689,1.8,0.216710362,1.8,0.220950167,1.8,0.217936181,1.8,0.2204927,1.8,0.217733725,1.8,0.229818202,1.8,0.215650947,1.8,0.218220816,1.8,0.205176474,1.8,0.219818124,1.8,0.210458736,1.8,0.214850587,1.8,0.211622473,1.8,0.21440168,1.8,0.211442713,1.8,0.22405752,1.8,0.21645664,1.8,0.219083529,1.8,0.205566289,1.8,0.220770924,1.8,0.211072287,1.8,0.215619172,1.8,0.212241668,1.8,0.215162556,1.8,0.212065475,1.8,0.225161361,1.8,1.8,1.8,1.8,1.8,1.8,1.8,1.8,1.8,1.8,1.8,1.8,1.8,1.8,1.8,1.8,1.8,1.8,1.8,1.8,1.8,1.8,1.8,1.8,1.8,1.8,1.8,1.8,1.8,1.8,1.8,1.8,1.8,1.8,1.8,1.8,1.8,1.8,1.8,1.8,1.8,1.8,1.8,1.8,1.8,1.8,1.8,1.8,1.8,1.8,1.8,1.8,1.8,1.8,1.8,1.8,1.8,1.8,1.8,1.8,1.8,1.8,1.8,1.8,1.8,1.8,1.8,1.8,1.8,1.8,1.8,1.8,1.8,1.8,1.8,1.8,1.8,1.8,1.8,1.8,1.8,0.228251215
